Suburb_Code,Suburb_Name,State_Code,State_Name
11006,Abbotsbury,1,New South Wales
11011,Abbotsford,1,New South Wales
11016,Acacia Gardens,1,New South Wales
11021,Airds,1,New South Wales
11026,Alexandria,1,New South Wales
11031,Alfords Point,1,New South Wales
11036,Allambie Heights,1,New South Wales
11041,Allawah,1,New South Wales
11046,Ambarvale,1,New South Wales
11051,Annandale,1,New South Wales
11056,Arncliffe,1,New South Wales
11061,Artarmon,1,New South Wales
11066,Ashbury,1,New South Wales
11071,Ashcroft,1,New South Wales
11076,Ashfield,1,New South Wales
11081,Asquith,1,New South Wales
11086,Auburn,1,New South Wales
11091,Avalon,1,New South Wales
11096,Balgowlah,1,New South Wales
11101,Balgowlah Heights,1,New South Wales
11106,Balmain,1,New South Wales
11111,Balmain East,1,New South Wales
11116,Bangor,1,New South Wales
11121,Banksia,1,New South Wales
11126,Bankstown,1,New South Wales
11131,Barden Ridge,1,New South Wales
11136,Bardwell Park,1,New South Wales
11141,Bardwell Valley,1,New South Wales
11146,Bass Hill,1,New South Wales
11151,Baulkham Hills,1,New South Wales
11156,Bayview,1,New South Wales
11161,Beacon Hill,1,New South Wales
11166,Beaconsfield,1,New South Wales
11171,Beecroft,1,New South Wales
11176,Belfield,1,New South Wales
11181,Bella Vista,1,New South Wales
11186,Bellevue Hill,1,New South Wales
11191,Belmore,1,New South Wales
11196,Belrose,1,New South Wales
11201,Berala,1,New South Wales
11206,Berowra,1,New South Wales
11211,Berowra Heights,1,New South Wales
11216,Beverley Park,1,New South Wales
11221,Beverly Hills,1,New South Wales
11226,Bexley,1,New South Wales
11231,Bexley North,1,New South Wales
11236,Bidwill,1,New South Wales
11241,Bilgola,1,New South Wales
11246,Birchgrove,1,New South Wales
11251,Birrong,1,New South Wales
11256,Blackett,1,New South Wales
11261,Blacktown,1,New South Wales
11266,Blairmount,1,New South Wales
11271,Blakehurst,1,New South Wales
11276,Blaxland,1,New South Wales
11281,Bondi,1,New South Wales
11286,Bondi Beach,1,New South Wales
11291,Bondi Junction,1,New South Wales
11296,Bonnet Bay,1,New South Wales
11301,Bonnyrigg,1,New South Wales
11306,Bonnyrigg Heights,1,New South Wales
11311,Bossley Park,1,New South Wales
11316,Botany,1,New South Wales
11321,Bow Bowing,1,New South Wales
11326,Bradbury,1,New South Wales
11336,Brighton Le Sands,1,New South Wales
11341,Bronte,1,New South Wales
11346,Brookvale,1,New South Wales
11351,Burwood,1,New South Wales
11356,Burwood Heights,1,New South Wales
11361,Busby,1,New South Wales
11366,Cabarita,1,New South Wales
11371,Cabramatta,1,New South Wales
11376,Cabramatta West,1,New South Wales
11381,Cambridge Gardens,1,New South Wales
11386,Cambridge Park,1,New South Wales
11391,Camden,1,New South Wales
11396,Camden South,1,New South Wales
11401,Cammeray,1,New South Wales
11406,Campbelltown,1,New South Wales
11411,Camperdown,1,New South Wales
11416,Campsie,1,New South Wales
11421,Canada Bay,1,New South Wales
11426,Canley Heights,1,New South Wales
11431,Canley Vale,1,New South Wales
11436,Canterbury,1,New South Wales
11441,Caringbah,1,New South Wales
11446,Carlingford,1,New South Wales
11451,Carlton,1,New South Wales
11456,Carramar,1,New South Wales
11461,Carss Park,1,New South Wales
11466,Cartwright,1,New South Wales
11471,Castle Cove,1,New South Wales
11476,Castle Hill,1,New South Wales
11481,Castlecrag,1,New South Wales
11486,Casula,1,New South Wales
11491,Cecil Hills,1,New South Wales
11496,Centennial Park,1,New South Wales
11501,Chatswood,1,New South Wales
11506,Chatswood West,1,New South Wales
11511,Cheltenham,1,New South Wales
11516,Cherrybrook,1,New South Wales
11521,Chester Hill,1,New South Wales
11526,Chifley,1,New South Wales
11531,Chippendale,1,New South Wales
11536,Chipping Norton,1,New South Wales
11541,Chiswick,1,New South Wales
11546,Chullora,1,New South Wales
11551,Church Point,1,New South Wales
11556,Claremont Meadows,1,New South Wales
11561,Claymore,1,New South Wales
11566,Clontarf,1,New South Wales
11571,Clovelly,1,New South Wales
11576,Collaroy,1,New South Wales
11581,Colyton,1,New South Wales
11586,Como,1,New South Wales
11591,Concord,1,New South Wales
11596,Concord West,1,New South Wales
11601,Condell Park,1,New South Wales
11606,Connells Point,1,New South Wales
11611,Coogee,1,New South Wales
11616,Cranebrook,1,New South Wales
11621,Cremorne,1,New South Wales
11626,Cremorne Point,1,New South Wales
11631,Cromer,1,New South Wales
11636,Cronulla,1,New South Wales
11641,Crows Nest,1,New South Wales
11646,Croydon,1,New South Wales
11651,Croydon Park,1,New South Wales
11656,Curl Curl,1,New South Wales
11661,Currans Hill,1,New South Wales
11666,Daceyville,1,New South Wales
11671,Darling Point,1,New South Wales
11676,Darlinghurst,1,New South Wales
11681,Darlington,1,New South Wales
11686,Davidson,1,New South Wales
11691,Dawes Point,1,New South Wales
11696,Dean Park,1,New South Wales
11701,Dee Why,1,New South Wales
11706,Denistone,1,New South Wales
11711,Denistone East,1,New South Wales
11716,Denistone West,1,New South Wales
11721,Dharruk,1,New South Wales
11726,Dolans Bay,1,New South Wales
11731,Dolls Point,1,New South Wales
11736,Doonside,1,New South Wales
11741,Double Bay,1,New South Wales
11746,Dover Heights,1,New South Wales
11751,Drummoyne,1,New South Wales
11756,Dulwich Hill,1,New South Wales
11761,Dundas,1,New South Wales
11766,Dundas Valley,1,New South Wales
11771,Dural,1,New South Wales
11776,Eagle Vale,1,New South Wales
11781,Earlwood,1,New South Wales
11786,East Hills,1,New South Wales
11791,East Killara,1,New South Wales
11796,East Lindfield,1,New South Wales
11801,East Ryde,1,New South Wales
11806,Eastern Creek,1,New South Wales
11811,Eastlakes,1,New South Wales
11816,Eastwood,1,New South Wales
11821,Edensor Park,1,New South Wales
11826,Edgecliff,1,New South Wales
11831,Elanora Heights,1,New South Wales
11836,Elderslie,1,New South Wales
11841,Elizabeth Bay,1,New South Wales
11846,Emerton,1,New South Wales
11851,Emu Heights,1,New South Wales
11856,Emu Plains,1,New South Wales
11861,Enfield,1,New South Wales
11866,Engadine,1,New South Wales
11871,Enmore,1,New South Wales
11876,Epping,1,New South Wales
11881,Ermington,1,New South Wales
11886,Erskine Park,1,New South Wales
11891,Erskineville,1,New South Wales
11896,Eschol Park,1,New South Wales
11901,Fairfield,1,New South Wales
11906,Fairfield East,1,New South Wales
11911,Fairfield Heights,1,New South Wales
11916,Fairfield West,1,New South Wales
11921,Fairlight,1,New South Wales
11926,Faulconbridge,1,New South Wales
11931,Five Dock,1,New South Wales
11936,Forest Lodge,1,New South Wales
11941,Forestville,1,New South Wales
11946,Frenchs Forest,1,New South Wales
11951,Georges Hall,1,New South Wales
11956,Girraween,1,New South Wales
11961,Gladesville,1,New South Wales
11966,Glebe,1,New South Wales
11971,Glen Alpine,1,New South Wales
11976,Glenbrook,1,New South Wales
11981,Glendenning,1,New South Wales
11986,Glenfield,1,New South Wales
11991,Glenhaven,1,New South Wales
11996,Glenmore Park,1,New South Wales
12001,Glenwood,1,New South Wales
12006,Gordon,1,New South Wales
12011,Granville,1,New South Wales
12016,Grays Point,1,New South Wales
12021,Green Valley,1,New South Wales
12026,Greenacre,1,New South Wales
12031,Greenfield Park,1,New South Wales
12036,Greenwich,1,New South Wales
12041,Greystanes,1,New South Wales
12046,Guildford,1,New South Wales
12051,Guildford West,1,New South Wales
12056,Gymea,1,New South Wales
12061,Gymea Bay,1,New South Wales
12066,Haberfield,1,New South Wales
12071,Hammondville,1,New South Wales
12076,Harbord,1,New South Wales
12081,Harrington Park,1,New South Wales
12086,Harris Park,1,New South Wales
12091,Hassall Grove,1,New South Wales
12096,Haymarket,1,New South Wales
12101,Heathcote,1,New South Wales
12106,Hebersham,1,New South Wales
12111,Heckenberg,1,New South Wales
12116,Henley,1,New South Wales
12121,Hillsdale,1,New South Wales
12126,Hinchinbrook,1,New South Wales
12131,Holsworthy,1,New South Wales
12136,Homebush,1,New South Wales
12141,Homebush Bay,1,New South Wales
12146,Homebush West,1,New South Wales
12151,Horningsea Park,1,New South Wales
12156,Hornsby,1,New South Wales
12161,Hornsby Heights,1,New South Wales
12166,Hoxton Park,1,New South Wales
12171,Hunters Hill,1,New South Wales
12176,Huntleys Point,1,New South Wales
12181,Hurlstone Park,1,New South Wales
12186,Hurstville,1,New South Wales
12191,Hurstville Grove,1,New South Wales
12196,Illawong,1,New South Wales
12201,Ingleburn,1,New South Wales
12206,Ingleside,1,New South Wales
12211,Jamisontown,1,New South Wales
12216,Jannali,1,New South Wales
12221,Kangaroo Point,1,New South Wales
12226,Kareela,1,New South Wales
12231,Kearns,1,New South Wales
12236,Kellyville,1,New South Wales
12241,Kensington,1,New South Wales
12246,Killara,1,New South Wales
12251,Killarney Heights,1,New South Wales
12256,Kings Langley,1,New South Wales
12261,Kings Park,1,New South Wales
12266,Kingsford,1,New South Wales
12271,Kingsgrove,1,New South Wales
12276,Kingswood,1,New South Wales
12281,Kirrawee,1,New South Wales
12286,Kirribilli,1,New South Wales
12291,Kogarah,1,New South Wales
12296,Kogarah Bay,1,New South Wales
12301,Kurnell,1,New South Wales
12306,Kyeemagh,1,New South Wales
12311,Kyle Bay,1,New South Wales
12316,La Perouse,1,New South Wales
12321,Lakemba,1,New South Wales
12326,Lalor Park,1,New South Wales
12331,Lane Cove,1,New South Wales
12336,Lane Cove North,1,New South Wales
12341,Lane Cove West,1,New South Wales
12346,Lansvale,1,New South Wales
12351,Lapstone,1,New South Wales
12356,Lavender Bay,1,New South Wales
12361,Leichhardt,1,New South Wales
12366,Leonay,1,New South Wales
12371,Lethbridge Park,1,New South Wales
12376,Leumeah,1,New South Wales
12381,Lewisham,1,New South Wales
12386,Liberty Grove,1,New South Wales
12391,Lidcombe,1,New South Wales
12396,Lilli Pilli,1,New South Wales
12401,Lilyfield,1,New South Wales
12406,Lindfield,1,New South Wales
12411,Linley Point,1,New South Wales
12416,Little Bay,1,New South Wales
12421,Liverpool,1,New South Wales
12426,Loftus,1,New South Wales
12431,Long Point,1,New South Wales
12436,Longueville,1,New South Wales
12441,Lugarno,1,New South Wales
12446,Lurnea,1,New South Wales
12451,Macquarie Fields,1,New South Wales
12456,Macquarie Links,1,New South Wales
12461,Macquarie Park,1,New South Wales
12466,Malabar,1,New South Wales
12471,Manly,1,New South Wales
12476,Manly Vale,1,New South Wales
12481,Marayong,1,New South Wales
12486,Maroubra,1,New South Wales
12491,Marrickville,1,New South Wales
12496,Marsfield,1,New South Wales
12501,Mascot,1,New South Wales
12506,Matraville,1,New South Wales
12511,Mays Hill,1,New South Wales
12516,McMahons Point,1,New South Wales
12521,Meadowbank,1,New South Wales
12526,Melrose Park,1,New South Wales
12531,Menai,1,New South Wales
12536,Merrylands,1,New South Wales
12541,Merrylands West,1,New South Wales
12546,Middle Cove,1,New South Wales
12551,Miller,1,New South Wales
12556,Millers Point,1,New South Wales
12561,Milperra,1,New South Wales
12566,Milsons Point,1,New South Wales
12571,Minchinbury,1,New South Wales
12576,Minto,1,New South Wales
12581,Miranda,1,New South Wales
12586,Mona Vale,1,New South Wales
12591,Monterey,1,New South Wales
12596,Moorebank,1,New South Wales
12601,Mortdale,1,New South Wales
12606,Mortlake,1,New South Wales
12611,Mosman,1,New South Wales
12616,Mount Annan,1,New South Wales
12621,Mount Colah,1,New South Wales
12626,Mount Druitt,1,New South Wales
12631,Mount Ku-ring-gai,1,New South Wales
12636,Mount Lewis,1,New South Wales
12641,Mount Pritchard,1,New South Wales
12646,Mount Riverview,1,New South Wales
12651,Narellan,1,New South Wales
12656,Narellan Vale,1,New South Wales
12661,Naremburn,1,New South Wales
12666,Narrabeen,1,New South Wales
12671,Narraweena,1,New South Wales
12676,Narwee,1,New South Wales
12681,Neutral Bay,1,New South Wales
12686,Newington,1,New South Wales
12691,Newport,1,New South Wales
12696,Newtown,1,New South Wales
12701,Normanhurst,1,New South Wales
12706,North Balgowlah,1,New South Wales
12711,North Bondi,1,New South Wales
12716,North Curl Curl,1,New South Wales
12721,North Epping,1,New South Wales
12726,North Manly,1,New South Wales
12731,North Narrabeen,1,New South Wales
12736,North Parramatta,1,New South Wales
12741,North Rocks,1,New South Wales
12746,North Ryde,1,New South Wales
12751,North St Marys,1,New South Wales
12756,North Strathfield,1,New South Wales
12761,North Sydney,1,New South Wales
12766,North Turramurra,1,New South Wales
12771,North Wahroonga,1,New South Wales
12776,North Willoughby,1,New South Wales
12781,Northbridge,1,New South Wales
12786,Northmead,1,New South Wales
12791,Northwood,1,New South Wales
12796,Oakhurst,1,New South Wales
12801,Oatlands,1,New South Wales
12806,Oatley,1,New South Wales
12811,Old Guildford,1,New South Wales
12816,Old Toongabbie,1,New South Wales
12821,Osborne Park,1,New South Wales
12826,Oxley Park,1,New South Wales
12831,Oyster Bay,1,New South Wales
12836,Paddington,1,New South Wales
12841,Padstow,1,New South Wales
12846,Padstow Heights,1,New South Wales
12851,Pagewood,1,New South Wales
12856,Palm Beach,1,New South Wales
12861,Panania,1,New South Wales
12871,Parramatta,1,New South Wales
12876,Peakhurst,1,New South Wales
12881,Peakhurst Heights,1,New South Wales
12886,Pendle Hill,1,New South Wales
12891,Pennant Hills,1,New South Wales
12896,Penrith,1,New South Wales
12901,Penshurst,1,New South Wales
12906,Petersham,1,New South Wales
12911,Phillip Bay,1,New South Wales
12916,Picnic Point,1,New South Wales
12921,Plumpton,1,New South Wales
12926,Point Piper,1,New South Wales
12931,Potts Point,1,New South Wales
12936,Prairiewood,1,New South Wales
12941,Prestons,1,New South Wales
12946,Prospect,1,New South Wales
12951,Punchbowl,1,New South Wales
12956,Putney,1,New South Wales
12961,Pymble,1,New South Wales
12966,Pyrmont,1,New South Wales
12971,Quakers Hill,1,New South Wales
12976,Queens Park,1,New South Wales
12981,Raby,1,New South Wales
12986,Ramsgate,1,New South Wales
12991,Ramsgate Beach,1,New South Wales
12996,Randwick,1,New South Wales
13001,Redfern,1,New South Wales
13006,Regents Park,1,New South Wales
13011,Regentville,1,New South Wales
13016,Revesby,1,New South Wales
13021,Revesby Heights,1,New South Wales
13026,Rhodes,1,New South Wales
13031,Riverstone,1,New South Wales
13036,Riverview,1,New South Wales
13041,Riverwood,1,New South Wales
13046,Rockdale,1,New South Wales
13051,Rodd Point,1,New South Wales
13056,Rooty Hill,1,New South Wales
13061,Rose Bay,1,New South Wales
13066,Rosebery,1,New South Wales
13071,Rosehill,1,New South Wales
13076,Roselands,1,New South Wales
13081,Rosemeadow,1,New South Wales
13086,Roseville,1,New South Wales
13091,Roseville Chase,1,New South Wales
13096,Rouse Hill,1,New South Wales
13101,Rozelle,1,New South Wales
13106,Ruse,1,New South Wales
13111,Rushcutters Bay,1,New South Wales
13116,Russell Lea,1,New South Wales
13121,Rydalmere,1,New South Wales
13126,Ryde,1,New South Wales
13131,Sadleir,1,New South Wales
13136,Sandringham,1,New South Wales
13141,Sans Souci,1,New South Wales
13146,Schofields,1,New South Wales
13151,Scotland Island,1,New South Wales
13156,Seaforth,1,New South Wales
13161,Sefton,1,New South Wales
13166,Seven Hills,1,New South Wales
13171,Shalvey,1,New South Wales
13176,Silverwater,1,New South Wales
13181,Smithfield,1,New South Wales
13186,South Coogee,1,New South Wales
13191,South Granville,1,New South Wales
13196,South Hurstville,1,New South Wales
13201,South Penrith,1,New South Wales
13206,South Turramurra,1,New South Wales
13211,South Wentworthville,1,New South Wales
13216,Springwood,1,New South Wales
13221,St Andrews,1,New South Wales
13226,St Clair,1,New South Wales
13231,St Helens Park,1,New South Wales
13236,St Ives,1,New South Wales
13241,St Ives Chase,1,New South Wales
13246,St Johns Park,1,New South Wales
13251,St Leonards,1,New South Wales
13256,St Marys,1,New South Wales
13261,St Peters,1,New South Wales
13266,Stanhope Gardens,1,New South Wales
13271,Stanmore,1,New South Wales
13276,Strathfield,1,New South Wales
13281,Strathfield South,1,New South Wales
13286,Summer Hill,1,New South Wales
13291,Surry Hills,1,New South Wales
13296,Sutherland,1,New South Wales
13301,Sydenham,1,New South Wales
13306,Sydney,1,New South Wales
13311,Sylvania,1,New South Wales
13316,Sylvania Waters,1,New South Wales
13321,Tamarama,1,New South Wales
13326,Tarban,1,New South Wales
13331,Taren Point,1,New South Wales
13336,Tempe,1,New South Wales
13341,Tennyson,1,New South Wales
13346,Terrey Hills,1,New South Wales
13356,Thornleigh,1,New South Wales
13361,Toongabbie,1,New South Wales
13366,Tregear,1,New South Wales
13371,Turramurra,1,New South Wales
13376,Turrella,1,New South Wales
13381,Ultimo,1,New South Wales
13386,Valley Heights,1,New South Wales
13391,Vaucluse,1,New South Wales
13396,Villawood,1,New South Wales
13401,Voyager Point,1,New South Wales
13406,Wahroonga,1,New South Wales
13411,Waitara,1,New South Wales
13416,Wakeley,1,New South Wales
13421,Wareemba,1,New South Wales
13426,Warrawee,1,New South Wales
13431,Warriewood,1,New South Wales
13436,Warrimoo,1,New South Wales
13441,Warwick Farm,1,New South Wales
13446,Waterloo,1,New South Wales
13451,Watsons Bay,1,New South Wales
13456,Wattle Grove,1,New South Wales
13461,Waverley,1,New South Wales
13466,Waverton,1,New South Wales
13471,Wentworthville,1,New South Wales
13476,Werrington,1,New South Wales
13481,Werrington County,1,New South Wales
13486,Werrington Downs,1,New South Wales
13491,West Hoxton,1,New South Wales
13496,West Pennant Hills,1,New South Wales
13501,West Pymble,1,New South Wales
13506,West Ryde,1,New South Wales
13511,Westleigh,1,New South Wales
13516,Westmead,1,New South Wales
13521,Wetherill Park,1,New South Wales
13526,Whalan,1,New South Wales
13531,Wiley Park,1,New South Wales
13536,Willmot,1,New South Wales
13541,Willoughby,1,New South Wales
13546,Willoughby East,1,New South Wales
13551,Winmalee,1,New South Wales
13556,Winston Hills,1,New South Wales
13561,Wollstonecraft,1,New South Wales
13566,Woodbine,1,New South Wales
13571,Woodcroft,1,New South Wales
13576,Woodpark,1,New South Wales
13581,Woollahra,1,New South Wales
13586,Woolloomooloo,1,New South Wales
13591,Woolooware,1,New South Wales
13596,Woolwich,1,New South Wales
13601,Woronora,1,New South Wales
13606,Woronora Heights,1,New South Wales
13611,Yagoona,1,New South Wales
13616,Yarrawarrah,1,New South Wales
13621,Yennora,1,New South Wales
13626,Yowie Bay,1,New South Wales
13631,Zetland,1,New South Wales
15006,Avoca Beach,1,New South Wales
15011,Bateau Bay,1,New South Wales
15016,Bensville,1,New South Wales
15021,Berkeley Vale,1,New South Wales
15026,Blackwall,1,New South Wales
15031,Blue Bay,1,New South Wales
15036,Blue Haven,1,New South Wales
15041,Booker Bay,1,New South Wales
15046,Budgewoi,1,New South Wales
15051,Buff Point,1,New South Wales
15056,Canton Beach,1,New South Wales
15061,Charmhaven,1,New South Wales
15066,Chittaway Bay,1,New South Wales
15071,Chittaway Point,1,New South Wales
15076,Copacabana,1,New South Wales
15081,Daleys Point,1,New South Wales
15086,Davistown,1,New South Wales
15091,East Gosford,1,New South Wales
15096,Empire Bay,1,New South Wales
15101,Erina,1,New South Wales
15106,Ettalong Beach,1,New South Wales
15111,Forresters Beach,1,New South Wales
15116,Glenning Valley,1,New South Wales
15121,Gorokan,1,New South Wales
15126,Gosford,1,New South Wales
15131,Green Point,1,New South Wales
15136,Halekulani,1,New South Wales
15141,Horsfield Bay,1,New South Wales
15146,Kanwal,1,New South Wales
15151,Kariong,1,New South Wales
15156,Killarney Vale,1,New South Wales
15161,Kincumber,1,New South Wales
15166,Kincumber South,1,New South Wales
15171,Koolewong,1,New South Wales
15176,Lake Haven,1,New South Wales
15181,Lisarow,1,New South Wales
15186,Long Jetty,1,New South Wales
15191,Mardi,1,New South Wales
15196,Narara,1,New South Wales
15201,Niagara Park,1,New South Wales
15206,Norah Head,1,New South Wales
15211,Noraville,1,New South Wales
15216,North Avoca,1,New South Wales
15221,North Gosford,1,New South Wales
15226,Ourimbah,1,New South Wales
15231,Pearl Beach,1,New South Wales
15236,Point Clare,1,New South Wales
15241,Point Frederick,1,New South Wales
15246,Rocky Point,1,New South Wales
15251,San Remo,1,New South Wales
15256,Saratoga,1,New South Wales
15261,Shelly Beach,1,New South Wales
15266,Springfield,1,New South Wales
15271,St Huberts Island,1,New South Wales
15276,Tacoma,1,New South Wales
15281,Tacoma South,1,New South Wales
15286,Tascott,1,New South Wales
15291,Terrigal,1,New South Wales
15296,The Entrance,1,New South Wales
15301,The Entrance North,1,New South Wales
15306,Toowoon Bay,1,New South Wales
15311,Toukley,1,New South Wales
15316,Tuggerah,1,New South Wales
15321,Tuggerawong,1,New South Wales
15326,Tumbi Umbi,1,New South Wales
15331,Umina Beach,1,New South Wales
15336,Wamberal,1,New South Wales
15341,Watanobbi,1,New South Wales
15346,West Gosford,1,New South Wales
15351,Woy Woy,1,New South Wales
15356,Woy Woy Bay,1,New South Wales
15361,Wyoming,1,New South Wales
15366,Wyong,1,New South Wales
15371,Wyongah,1,New South Wales
15376,Yattalunga,1,New South Wales
16006,Adamstown,1,New South Wales
16011,Adamstown Heights,1,New South Wales
16016,Argenton,1,New South Wales
16021,Bar Beach,1,New South Wales
16026,Barnsley,1,New South Wales
16031,Belmont,1,New South Wales
16036,Belmont North,1,New South Wales
16041,Belmont South,1,New South Wales
16046,Birmingham Gardens,1,New South Wales
16051,Blackalls Park,1,New South Wales
16056,Blacksmiths,1,New South Wales
16061,Bolton Point,1,New South Wales
16066,Boolaroo,1,New South Wales
16071,Booragul,1,New South Wales
16076,Broadmeadow,1,New South Wales
16081,Cardiff,1,New South Wales
16086,Cardiff Heights,1,New South Wales
16091,Cardiff South,1,New South Wales
16096,Carrington,1,New South Wales
16101,Cary Bay,1,New South Wales
16106,Caves Beach,1,New South Wales
16111,Charlestown,1,New South Wales
16116,Coal Point,1,New South Wales
16121,Cooks Hill,1,New South Wales
16126,Croudace Bay,1,New South Wales
16131,Dudley,1,New South Wales
16136,Edgeworth,1,New South Wales
16141,Eleebana,1,New South Wales
16146,Elermore Vale,1,New South Wales
16151,Estelville,1,New South Wales
16156,Fennell Bay,1,New South Wales
16161,Fletcher,1,New South Wales
16166,Floraville,1,New South Wales
16171,Garden Suburb,1,New South Wales
16176,Gateshead,1,New South Wales
16181,Georgetown,1,New South Wales
16186,Glendale,1,New South Wales
16191,Hamilton,1,New South Wales
16196,Hamilton East,1,New South Wales
16201,Hamilton North,1,New South Wales
16206,Hamilton South,1,New South Wales
16211,Highfields,1,New South Wales
16216,Hillsborough,1,New South Wales
16221,Holmesville,1,New South Wales
16226,Islington,1,New South Wales
16231,Jesmond,1,New South Wales
16236,Jewells,1,New South Wales
16241,Kahibah,1,New South Wales
16246,Kilaben Bay,1,New South Wales
16251,Kotara,1,New South Wales
16256,Kotara South,1,New South Wales
16261,Lakelands,1,New South Wales
16266,Lambton,1,New South Wales
16271,Macquarie Hills,1,New South Wales
16276,Marks Point,1,New South Wales
16281,Marmong Point,1,New South Wales
16286,Maryland,1,New South Wales
16291,Maryville,1,New South Wales
16296,Mayfield,1,New South Wales
16301,Mayfield East,1,New South Wales
16306,Mayfield West,1,New South Wales
16311,Merewether,1,New South Wales
16316,Merewether Heights,1,New South Wales
16321,Minmi,1,New South Wales
16326,Mount Hutton,1,New South Wales
16331,New Lambton,1,New South Wales
16336,New Lambton Heights,1,New South Wales
16341,Newcastle,1,New South Wales
16346,Newcastle East,1,New South Wales
16351,Newcastle West,1,New South Wales
16356,North Lambton,1,New South Wales
16361,Pelican,1,New South Wales
16366,Rankin Park,1,New South Wales
16371,Redhead,1,New South Wales
16381,Shortland,1,New South Wales
16386,Speers Point,1,New South Wales
16391,Stockton,1,New South Wales
16396,Swansea,1,New South Wales
16401,Swansea Heads,1,New South Wales
16406,Teralba,1,New South Wales
16411,The Hill,1,New South Wales
16416,The Junction,1,New South Wales
16421,Tighes Hill,1,New South Wales
16426,Tingira Heights,1,New South Wales
16431,Toronto,1,New South Wales
16436,Valentine,1,New South Wales
16441,Wallsend,1,New South Wales
16446,Warabrook,1,New South Wales
16451,Waratah,1,New South Wales
16456,Waratah West,1,New South Wales
16461,Warners Bay,1,New South Wales
16466,West Wallsend,1,New South Wales
16471,Whitebridge,1,New South Wales
16476,Wickham,1,New South Wales
16481,Windale,1,New South Wales
16486,Woodrising,1,New South Wales
17006,Albion Park,1,New South Wales
17011,Albion Park Rail,1,New South Wales
17016,Austinmer,1,New South Wales
17021,Balgownie,1,New South Wales
17026,Barrack Heights,1,New South Wales
17031,Barrack Point,1,New South Wales
17036,Bellambi,1,New South Wales
17041,Berkeley,1,New South Wales
17046,Blackbutt,1,New South Wales
17051,Bulli,1,New South Wales
17056,Coledale,1,New South Wales
17061,Coniston,1,New South Wales
17066,Cordeaux Heights,1,New South Wales
17071,Corrimal,1,New South Wales
17076,Cringila,1,New South Wales
17081,Dapto,1,New South Wales
17086,Fairy Meadow,1,New South Wales
17091,Farmborough Heights,1,New South Wales
17096,Figtree,1,New South Wales
17101,Flinders,1,New South Wales
17106,Gwynneville,1,New South Wales
17111,Horsley,1,New South Wales
17116,Kanahooka,1,New South Wales
17121,Keiraville,1,New South Wales
17126,Kembla Grange,1,New South Wales
17131,Koonawarra,1,New South Wales
17136,Lake Heights,1,New South Wales
17141,Lake Illawarra,1,New South Wales
17146,Mangerton,1,New South Wales
17151,Mount Keira,1,New South Wales
17156,Mount Kembla,1,New South Wales
17161,Mount Ousley,1,New South Wales
17166,Mount Pleasant,1,New South Wales
17171,Mount Saint Thomas,1,New South Wales
17176,Mount Warrigal,1,New South Wales
17181,North Wollongong,1,New South Wales
17186,Oak Flats,1,New South Wales
17191,Penrose,1,New South Wales
17196,Port Kembla,1,New South Wales
17201,Primbee,1,New South Wales
17206,Russell Vale,1,New South Wales
17211,Scarborough,1,New South Wales
17216,Shell Cove,1,New South Wales
17221,Shellharbour,1,New South Wales
17226,Tarrawanna,1,New South Wales
17231,Thirroul,1,New South Wales
17236,Towradgi,1,New South Wales
17241,Unanderra,1,New South Wales
17246,Warilla,1,New South Wales
17251,Warrawong,1,New South Wales
17256,West Wollongong,1,New South Wales
17261,Windang,1,New South Wales
17266,Wollongong,1,New South Wales
17271,Wombarra,1,New South Wales
17276,Woonona,1,New South Wales
19999,Unclassified NSW,1,New South Wales
21006,Abbotsford,2,Victoria
21011,Aberfeldie,2,Victoria
21016,Airport West,2,Victoria
21021,Albanvale,2,Victoria
21026,Albert Park,2,Victoria
21031,Albion,2,Victoria
21036,Alphington,2,Victoria
21041,Altona,2,Victoria
21046,Altona Meadows,2,Victoria
21051,Altona North,2,Victoria
21056,Ardeer,2,Victoria
21061,Armadale,2,Victoria
21066,Arthurs Seat,2,Victoria
21071,Ascot Vale,2,Victoria
21076,Ashburton,2,Victoria
21081,Ashwood,2,Victoria
21086,Aspendale,2,Victoria
21091,Aspendale Gardens,2,Victoria
21096,Attwood,2,Victoria
21101,Avondale Heights,2,Victoria
21106,Balaclava,2,Victoria
21111,Balwyn,2,Victoria
21116,Balwyn North,2,Victoria
21126,Baxter,2,Victoria
21131,Bayswater,2,Victoria
21136,Bayswater North,2,Victoria
21141,Beaconsfield,2,Victoria
21146,Beaumaris,2,Victoria
21151,Belgrave,2,Victoria
21156,Belgrave Heights,2,Victoria
21161,Belgrave South,2,Victoria
21166,Bellfield,2,Victoria
21171,Bentleigh,2,Victoria
21176,Bentleigh East,2,Victoria
21181,Berwick,2,Victoria
21186,Black Rock,2,Victoria
21191,Blackburn,2,Victoria
21196,Blackburn North,2,Victoria
21201,Blackburn South,2,Victoria
21206,Blairgowrie,2,Victoria
21211,Bonbeach,2,Victoria
21216,Boronia,2,Victoria
21221,Box Hill,2,Victoria
21226,Box Hill North,2,Victoria
21231,Box Hill South,2,Victoria
21236,Braeside,2,Victoria
21241,Braybrook,2,Victoria
21246,Briar Hill,2,Victoria
21251,Brighton,2,Victoria
21256,Brighton East,2,Victoria
21261,Broadmeadows,2,Victoria
21266,Brooklyn,2,Victoria
21271,Brunswick,2,Victoria
21276,Brunswick East,2,Victoria
21281,Brunswick West,2,Victoria
21286,Bulleen,2,Victoria
21291,Bundoora,2,Victoria
21296,Burnley,2,Victoria
21301,Burnside,2,Victoria
21306,Burwood,2,Victoria
21311,Burwood East,2,Victoria
21316,Camberwell,2,Victoria
21321,Campbellfield,2,Victoria
21326,Canterbury,2,Victoria
21331,Carlton,2,Victoria
21336,Carlton North,2,Victoria
21341,Carnegie,2,Victoria
21346,Caroline Springs,2,Victoria
21351,Carrum,2,Victoria
21356,Carrum Downs,2,Victoria
21361,Caulfield,2,Victoria
21366,Caulfield East,2,Victoria
21371,Caulfield North,2,Victoria
21376,Caulfield South,2,Victoria
21381,Chadstone,2,Victoria
21386,Chelsea,2,Victoria
21391,Chelsea Heights,2,Victoria
21396,Cheltenham,2,Victoria
21401,Chirnside Park,2,Victoria
21406,Clarinda,2,Victoria
21411,Clayton,2,Victoria
21416,Clayton South,2,Victoria
21421,Clifton Hill,2,Victoria
21426,Coburg,2,Victoria
21431,Coburg North,2,Victoria
21436,Collingwood,2,Victoria
21441,Coolaroo,2,Victoria
21446,Craigieburn,2,Victoria
21451,Cranbourne,2,Victoria
21456,Cranbourne North,2,Victoria
21461,Cranbourne West,2,Victoria
21466,Cremorne,2,Victoria
21471,Croydon,2,Victoria
21476,Croydon Hills,2,Victoria
21481,Croydon North,2,Victoria
21486,Croydon South,2,Victoria
21491,Dallas,2,Victoria
21496,Dandenong,2,Victoria
21501,Dandenong North,2,Victoria
21506,Dandenong South,2,Victoria
21511,Deer Park,2,Victoria
21516,Delahey,2,Victoria
21521,Diamond Creek,2,Victoria
21526,Dingley Village,2,Victoria
21536,Doncaster,2,Victoria
21541,Doncaster East,2,Victoria
21546,Donvale,2,Victoria
21551,Doveton,2,Victoria
21556,Dromana,2,Victoria
21561,Eaglemont,2,Victoria
21566,East Melbourne,2,Victoria
21571,Edithvale,2,Victoria
21576,Elsternwick,2,Victoria
21581,Eltham,2,Victoria
21586,Eltham North,2,Victoria
21591,Elwood,2,Victoria
21596,Endeavour Hills,2,Victoria
21601,Epping,2,Victoria
21606,Essendon,2,Victoria
21611,Essendon North,2,Victoria
21616,Essendon West,2,Victoria
21621,Eumemmerring,2,Victoria
21626,Fairfield,2,Victoria
21631,Fawkner,2,Victoria
21636,Ferntree Gully,2,Victoria
21641,Ferny Creek,2,Victoria
21646,Fitzroy,2,Victoria
21651,Fitzroy North,2,Victoria
21656,Flemington,2,Victoria
21661,Footscray,2,Victoria
21666,Footscray West,2,Victoria
21671,Forest Hill,2,Victoria
21676,Frankston,2,Victoria
21681,Frankston North,2,Victoria
21686,Frankston South,2,Victoria
21691,Gardenvale,2,Victoria
21696,Gladstone Park,2,Victoria
21701,Glen Huntly,2,Victoria
21706,Glen Iris,2,Victoria
21711,Glen Waverley,2,Victoria
21716,Glenroy,2,Victoria
21721,Gowanbrae,2,Victoria
21726,Greensborough,2,Victoria
21731,Greenvale,2,Victoria
21736,Hadfield,2,Victoria
21741,Hallam,2,Victoria
21746,Hampton,2,Victoria
21751,Hampton East,2,Victoria
21756,Hampton Park,2,Victoria
21761,Harkaway,2,Victoria
21766,Hawthorn,2,Victoria
21771,Hawthorn East,2,Victoria
21776,Heatherton,2,Victoria
21781,Heathmont,2,Victoria
21786,Heidelberg,2,Victoria
21791,Heidelberg Heights,2,Victoria
21796,Heidelberg West,2,Victoria
21801,Highett,2,Victoria
21806,Hillside,2,Victoria
21811,Hoppers Crossing,2,Victoria
21816,Hughesdale,2,Victoria
21821,Huntingdale,2,Victoria
21826,Ivanhoe,2,Victoria
21831,Ivanhoe East,2,Victoria
21836,Jacana,2,Victoria
21841,Junction Village,2,Victoria
21846,Kallista,2,Victoria
21851,Kalorama,2,Victoria
21856,Kealba,2,Victoria
21861,Keilor,2,Victoria
21866,Keilor Downs,2,Victoria
21871,Keilor East,2,Victoria
21876,Keilor Lodge,2,Victoria
21881,Keilor Park,2,Victoria
21886,Kensington,2,Victoria
21891,Kew,2,Victoria
21896,Kew East,2,Victoria
21901,Keysborough,2,Victoria
21906,Kilsyth,2,Victoria
21911,Kilsyth South,2,Victoria
21916,Kings Park,2,Victoria
21921,Kingsbury,2,Victoria
21926,Kingsville,2,Victoria
21931,Knoxfield,2,Victoria
21936,Kooyong,2,Victoria
21941,Lalor,2,Victoria
21946,Langwarrin,2,Victoria
21951,Laverton,2,Victoria
21961,Lilydale,2,Victoria
21966,Lower Plenty,2,Victoria
21971,Lyndhurst,2,Victoria
21976,Lysterfield,2,Victoria
21981,Lysterfield South,2,Victoria
21986,Macleod,2,Victoria
21991,Maidstone,2,Victoria
21996,Malvern,2,Victoria
22001,Malvern East,2,Victoria
22006,Maribyrnong,2,Victoria
22011,McCrae,2,Victoria
22016,McKinnon,2,Victoria
22021,Meadow Heights,2,Victoria
22026,Melbourne,2,Victoria
22036,Mentone,2,Victoria
22041,Middle Park,2,Victoria
22046,Mill Park,2,Victoria
22051,Mitcham,2,Victoria
22056,Monbulk,2,Victoria
22061,Mont Albert,2,Victoria
22066,Mont Albert North,2,Victoria
22071,Montmorency,2,Victoria
22076,Montrose,2,Victoria
22081,Moonee Ponds,2,Victoria
22086,Moorabbin,2,Victoria
22091,Mooroolbark,2,Victoria
22096,Mordialloc,2,Victoria
22101,Mornington,2,Victoria
22106,Mount Dandenong,2,Victoria
22111,Mount Eliza,2,Victoria
22116,Mount Evelyn,2,Victoria
22121,Mount Martha,2,Victoria
22126,Mount Waverley,2,Victoria
22131,Mulgrave,2,Victoria
22136,Murrumbeena,2,Victoria
22141,Narre Warren,2,Victoria
22146,Narre Warren North,2,Victoria
22151,Narre Warren South,2,Victoria
22156,Newport,2,Victoria
22161,Niddrie,2,Victoria
22166,Noble Park,2,Victoria
22171,North Melbourne,2,Victoria
22176,North Warrandyte,2,Victoria
22181,Northcote,2,Victoria
22186,Notting Hill,2,Victoria
22191,Nunawading,2,Victoria
22196,Oak Park,2,Victoria
22201,Oakleigh,2,Victoria
22206,Oakleigh East,2,Victoria
22211,Oakleigh South,2,Victoria
22216,Olinda,2,Victoria
22221,Ormond,2,Victoria
22226,Park Orchards,2,Victoria
22231,Parkdale,2,Victoria
22236,Parkville,2,Victoria
22241,Pascoe Vale,2,Victoria
22246,Pascoe Vale South,2,Victoria
22251,Patterson Lakes,2,Victoria
22256,Pearcedale,2,Victoria
22261,Plenty,2,Victoria
22266,Point Cook,2,Victoria
22271,Port Melbourne,2,Victoria
22276,Portsea,2,Victoria
22281,Prahran,2,Victoria
22286,Preston,2,Victoria
22291,Princes Hill,2,Victoria
22296,Research,2,Victoria
22301,Reservoir,2,Victoria
22306,Richmond,2,Victoria
22311,Ringwood,2,Victoria
22316,Ringwood East,2,Victoria
22321,Ringwood North,2,Victoria
22326,Ripponlea,2,Victoria
22331,Rosanna,2,Victoria
22336,Rosebud,2,Victoria
22341,Rosebud West,2,Victoria
22346,Rowville,2,Victoria
22351,Roxburgh Park,2,Victoria
22356,Rye,2,Victoria
22361,Safety Beach,2,Victoria
22366,Saint Helena,2,Victoria
22371,Sandringham,2,Victoria
22376,Sassafras,2,Victoria
22381,Scoresby,2,Victoria
22386,Seabrook,2,Victoria
22391,Seaford,2,Victoria
22396,Seaholme,2,Victoria
22401,Seddon,2,Victoria
22406,Selby,2,Victoria
22411,Sherbrooke,2,Victoria
22416,Skye,2,Victoria
22426,Sorrento,2,Victoria
22431,South Kingsville,2,Victoria
22436,South Melbourne,2,Victoria
22441,South Morang,2,Victoria
22446,South Yarra,2,Victoria
22451,Southbank,2,Victoria
22456,Spotswood,2,Victoria
22461,Springvale,2,Victoria
22466,Springvale South,2,Victoria
22471,St Albans,2,Victoria
22476,St Kilda,2,Victoria
22481,St Kilda East,2,Victoria
22486,St Kilda West,2,Victoria
22491,Strathmore,2,Victoria
22496,Strathmore Heights,2,Victoria
22501,Sunshine,2,Victoria
22506,Sunshine North,2,Victoria
22511,Sunshine West,2,Victoria
22516,Surrey Hills,2,Victoria
22521,Sydenham,2,Victoria
22526,Tarneit,2,Victoria
22531,Taylors Lakes,2,Victoria
22536,Tecoma,2,Victoria
22541,Templestowe,2,Victoria
22546,Templestowe Lower,2,Victoria
22551,The Basin,2,Victoria
22556,The Patch,2,Victoria
22561,Thomastown,2,Victoria
22566,Thornbury,2,Victoria
22571,Toorak,2,Victoria
22576,Tootgarook,2,Victoria
22586,Travancore,2,Victoria
22596,Truganina,2,Victoria
22601,Tullamarine,2,Victoria
22606,Upper Ferntree Gully,2,Victoria
22611,Upwey,2,Victoria
22616,Vermont,2,Victoria
22621,Vermont South,2,Victoria
22626,Viewbank,2,Victoria
22631,Wandin,2,Victoria
22636,Wandin North,2,Victoria
22641,Wantirna,2,Victoria
22646,Wantirna South,2,Victoria
22651,Warrandyte,2,Victoria
22656,Warranwood,2,Victoria
22661,Watsonia,2,Victoria
22666,Watsonia North,2,Victoria
22671,Wattle Glen,2,Victoria
22676,Werribee,2,Victoria
22681,West Melbourne,2,Victoria
22686,Westmeadows,2,Victoria
22691,Wheelers Hill,2,Victoria
22696,Williamstown,2,Victoria
22701,Williamstown North,2,Victoria
22706,Windsor,2,Victoria
22711,Wonga Park,2,Victoria
22716,Wyndham Vale,2,Victoria
22721,Yallambie,2,Victoria
22726,Yarraville,2,Victoria
26006,Bell Park,2,Victoria
26011,Bell Post Hill,2,Victoria
26016,Belmont,2,Victoria
26021,Breakwater,2,Victoria
26026,Corio,2,Victoria
26031,Drumcondra,2,Victoria
26036,East Geelong,2,Victoria
26041,Geelong,2,Victoria
26046,Geelong West,2,Victoria
26051,Grovedale,2,Victoria
26056,Hamlyn Heights,2,Victoria
26061,Herne Hill,2,Victoria
26066,Highton,2,Victoria
26071,Lovely Banks,2,Victoria
26076,Manifold Heights,2,Victoria
26081,Marshall,2,Victoria
26086,Moolap,2,Victoria
26091,Newcomb,2,Victoria
26096,Newtown,2,Victoria
26101,Norlane,2,Victoria
26106,North Geelong,2,Victoria
26111,North Shore,2,Victoria
26116,Rippleside,2,Victoria
26121,South Geelong,2,Victoria
26126,St Albans Park,2,Victoria
26131,Thomson,2,Victoria
26136,Wandana Heights,2,Victoria
26141,Waurn Ponds,2,Victoria
26146,Whittington,2,Victoria
27006,Alfredton,2,Victoria
27011,Bakery Hill,2,Victoria
27016,Ballarat Central,2,Victoria
27021,Ballarat East,2,Victoria
27026,Ballarat North,2,Victoria
27031,Black Hill,2,Victoria
27036,Brown Hill,2,Victoria
27041,Canadian,2,Victoria
27046,Delacombe,2,Victoria
27051,Eureka,2,Victoria
27056,Golden Point,2,Victoria
27061,Invermay Park,2,Victoria
27066,Lake Gardens,2,Victoria
27071,Lake Wendouree,2,Victoria
27076,Mitchell Park,2,Victoria
27081,Mount Clear,2,Victoria
27086,Mount Pleasant,2,Victoria
27091,Nerrina,2,Victoria
27096,Newington,2,Victoria
27101,Redan,2,Victoria
27106,Sebastopol,2,Victoria
27111,Soldiers Hill,2,Victoria
27116,Wendouree,2,Victoria
28006,Ascot,2,Victoria
28011,Bendigo,2,Victoria
28016,California Gully,2,Victoria
28021,Eaglehawk,2,Victoria
28026,East Bendigo,2,Victoria
28031,Epsom,2,Victoria
28036,Flora Hill,2,Victoria
28041,Golden Gully,2,Victoria
28046,Golden Square,2,Victoria
28051,Huntly,2,Victoria
28056,Ironbark,2,Victoria
28061,Jackass Flat,2,Victoria
28066,Junortoun,2,Victoria
28071,Kangaroo Flat,2,Victoria
28076,Kennington,2,Victoria
28081,Long Gully,2,Victoria
28086,North Bendigo,2,Victoria
28091,Quarry Hill,2,Victoria
28096,Sailors Gully,2,Victoria
28101,Spring Gully,2,Victoria
28106,Strathdale,2,Victoria
28111,West Bendigo,2,Victoria
28116,White Hills,2,Victoria
29999,Unclassified VIC,2,Victoria
39999,Unclassified QLD,3,Queensland
41006,Aberfoyle Park,4,South Australia
41011,Adelaide,4,South Australia
41021,Albert Park,4,South Australia
41026,Alberton,4,South Australia
41031,Aldgate,4,South Australia
41036,Aldinga,4,South Australia
41041,Aldinga Beach,4,South Australia
41046,Allenby Gardens,4,South Australia
41051,Andrews Farm,4,South Australia
41056,Angle Park,4,South Australia
41061,Angle Vale,4,South Australia
41066,Ascot Park,4,South Australia
41071,Ashford,4,South Australia
41076,Athelstone,4,South Australia
41081,Athol Park,4,South Australia
41086,Auldana,4,South Australia
41091,Banksia Park,4,South Australia
41096,Beaumont,4,South Australia
41101,Bedford Park,4,South Australia
41106,Belair,4,South Australia
41111,Bellevue Heights,4,South Australia
41116,Beulah Park,4,South Australia
41121,Beverley,4,South Australia
41126,Bibaringa,4,South Australia
41131,Birkenhead,4,South Australia
41136,Black Forest,4,South Australia
41141,Blackwood,4,South Australia
41146,Blair Athol,4,South Australia
41151,Blakeview,4,South Australia
41156,Bolivar,4,South Australia
41161,Bowden,4,South Australia
41166,Brahma Lodge,4,South Australia
41171,Bridgewater,4,South Australia
41176,Brighton,4,South Australia
41181,Broadview,4,South Australia
41186,Brompton,4,South Australia
41191,Brooklyn Park,4,South Australia
41196,Burnside,4,South Australia
41201,Burton,4,South Australia
41206,Camden Park,4,South Australia
41211,Campbelltown,4,South Australia
41216,Cheltenham,4,South Australia
41221,Christie Downs,4,South Australia
41226,Christies Beach,4,South Australia
41231,Clapham,4,South Australia
41236,Clarence Gardens,4,South Australia
41241,Clarence Park,4,South Australia
41246,Clearview,4,South Australia
41251,Clovelly Park,4,South Australia
41256,College Park,4,South Australia
41261,Collinswood,4,South Australia
41266,Colonel Light Gardens,4,South Australia
41271,Coromandel East,4,South Australia
41276,Coromandel Valley,4,South Australia
41281,Cowandilla,4,South Australia
41286,Crafers,4,South Australia
41291,Crafers West,4,South Australia
41296,Craigburn Farm,4,South Australia
41301,Craigmore,4,South Australia
41306,Croydon,4,South Australia
41311,Croydon Park,4,South Australia
41316,Cumberland Park,4,South Australia
41321,Darlington,4,South Australia
41326,Davoren Park,4,South Australia
41331,Daw Park,4,South Australia
41336,Dernancourt,4,South Australia
41341,Devon Park,4,South Australia
41346,Dover Gardens,4,South Australia
41351,Dry Creek,4,South Australia
41356,Dudley Park,4,South Australia
41361,Dulwich,4,South Australia
41366,Eastwood,4,South Australia
41371,Eden Hills,4,South Australia
41376,Edinburgh,4,South Australia
41381,Edwardstown,4,South Australia
41386,Elizabeth,4,South Australia
41391,Elizabeth Downs,4,South Australia
41396,Elizabeth East,4,South Australia
41401,Elizabeth Grove,4,South Australia
41406,Elizabeth North,4,South Australia
41411,Elizabeth Park,4,South Australia
41416,Elizabeth South,4,South Australia
41421,Elizabeth Vale,4,South Australia
41426,Enfield,4,South Australia
41431,Erindale,4,South Australia
41436,Ethelton,4,South Australia
41441,Evandale,4,South Australia
41446,Evanston,4,South Australia
41451,Evanston Gardens,4,South Australia
41456,Evanston Park,4,South Australia
41461,Evanston South,4,South Australia
41466,Everard Park,4,South Australia
41471,Exeter,4,South Australia
41476,Fairview Park,4,South Australia
41481,Felixstow,4,South Australia
41486,Ferryden Park,4,South Australia
41491,Findon,4,South Australia
41496,Firle,4,South Australia
41501,Fitzroy,4,South Australia
41506,Flagstaff Hill,4,South Australia
41511,Flinders Park,4,South Australia
41516,Forestville,4,South Australia
41521,Frewville,4,South Australia
41526,Fulham,4,South Australia
41531,Fulham Gardens,4,South Australia
41536,Fullarton,4,South Australia
41541,Gawler,4,South Australia
41546,Gawler Belt,4,South Australia
41551,Gawler East,4,South Australia
41556,Gawler South,4,South Australia
41561,Gawler West,4,South Australia
41566,Gepps Cross,4,South Australia
41571,Gilberton,4,South Australia
41576,Gilles Plains,4,South Australia
41581,Glandore,4,South Australia
41586,Glanville,4,South Australia
41591,Glen Osmond,4,South Australia
41596,Glenalta,4,South Australia
41601,Glenelg,4,South Australia
41606,Glenelg East,4,South Australia
41611,Glenelg North,4,South Australia
41616,Glenelg South,4,South Australia
41621,Glengowrie,4,South Australia
41626,Glenside,4,South Australia
41631,Glenunga,4,South Australia
41636,Globe Derby Park,4,South Australia
41641,Glynde,4,South Australia
41646,Golden Grove,4,South Australia
41651,Goodwood,4,South Australia
41656,Grange,4,South Australia
41661,Greenacres,4,South Australia
41666,Greenwith,4,South Australia
41671,Hackham,4,South Australia
41676,Hackham West,4,South Australia
41681,Hackney,4,South Australia
41686,Hallett Cove,4,South Australia
41691,Hampstead Gardens,4,South Australia
41696,Happy Valley,4,South Australia
41701,Hawthorn,4,South Australia
41706,Hawthorndene,4,South Australia
41711,Hazelwood Park,4,South Australia
41716,Heathfield,4,South Australia
41721,Heathpool,4,South Australia
41726,Hectorville,4,South Australia
41731,Hendon,4,South Australia
41736,Henley Beach,4,South Australia
41741,Henley Beach South,4,South Australia
41746,Hewett,4,South Australia
41751,Highbury,4,South Australia
41756,Highgate,4,South Australia
41761,Hillbank,4,South Australia
41766,Hillcrest,4,South Australia
41771,Hillier,4,South Australia
41776,Hilton,4,South Australia
41781,Hindmarsh,4,South Australia
41786,Holden Hill,4,South Australia
41791,Hope Valley,4,South Australia
41796,Hove,4,South Australia
41801,Huntfield Heights,4,South Australia
41806,Hyde Park,4,South Australia
41811,Ingle Farm,4,South Australia
41816,Ironbank,4,South Australia
41821,Joslin,4,South Australia
41826,Kensington,4,South Australia
41831,Kensington Gardens,4,South Australia
41836,Kensington Park,4,South Australia
41841,Kent Town,4,South Australia
41846,Keswick,4,South Australia
41851,Kidman Park,4,South Australia
41856,Kilburn,4,South Australia
41861,Kilkenny,4,South Australia
41866,Kings Park,4,South Australia
41871,Kingston Park,4,South Australia
41876,Kingswood,4,South Australia
41881,Klemzig,4,South Australia
41886,Kudla,4,South Australia
41891,Kurralta Park,4,South Australia
41896,Largs Bay,4,South Australia
41901,Largs North,4,South Australia
41906,Leabrook,4,South Australia
41911,Lewiston,4,South Australia
41916,Linden Park,4,South Australia
41921,Lockleys,4,South Australia
41926,Longwood,4,South Australia
41936,Lower Mitcham,4,South Australia
41941,Lynton,4,South Australia
41946,MacDonald Park,4,South Australia
41951,Magill,4,South Australia
41956,Malvern,4,South Australia
41961,Manningham,4,South Australia
41966,Mansfield Park,4,South Australia
41971,Marden,4,South Australia
41976,Marino,4,South Australia
41981,Marion,4,South Australia
41986,Marleston,4,South Australia
41991,Marryatville,4,South Australia
41996,Maslin Beach,4,South Australia
42001,Mawson Lakes,4,South Australia
42006,Maylands,4,South Australia
42011,Medindie,4,South Australia
42016,Medindie Gardens,4,South Australia
42021,Melrose Park,4,South Australia
42026,Mile End,4,South Australia
42031,Millswood,4,South Australia
42036,Mitcham,4,South Australia
42041,Mitchell Park,4,South Australia
42046,Moana,4,South Australia
42051,Modbury,4,South Australia
42056,Modbury Heights,4,South Australia
42061,Modbury North,4,South Australia
42066,Morphett Vale,4,South Australia
42071,Morphettville,4,South Australia
42076,Mount Osmond,4,South Australia
42081,Munno Para,4,South Australia
42086,Munno Para Downs,4,South Australia
42091,Munno Para West,4,South Australia
42096,Mylor,4,South Australia
42101,Myrtle Bank,4,South Australia
42106,Nailsworth,4,South Australia
42111,Netherby,4,South Australia
42116,Netley,4,South Australia
42121,Newton,4,South Australia
42126,Noarlunga Downs,4,South Australia
42131,North Adelaide,4,South Australia
42136,North Brighton,4,South Australia
42141,North Haven,4,South Australia
42146,North Plympton,4,South Australia
42151,Northfield,4,South Australia
42156,Northgate,4,South Australia
42161,Norwood,4,South Australia
42166,Novar Gardens,4,South Australia
42171,O'Halloran Hill,4,South Australia
42176,O'Sullivan Beach,4,South Australia
42181,Oakden,4,South Australia
42186,Oaklands Park,4,South Australia
42191,Old Noarlunga,4,South Australia
42196,Old Reynella,4,South Australia
42201,One Tree Hill,4,South Australia
42206,Onkaparinga Hills,4,South Australia
42211,Osborne,4,South Australia
42216,Ottoway,4,South Australia
42226,Ovingham,4,South Australia
42231,Panorama,4,South Australia
42236,Para Hills,4,South Australia
42241,Para Hills West,4,South Australia
42246,Para Vista,4,South Australia
42251,Paradise,4,South Australia
42261,Parafield Gardens,4,South Australia
42266,Paralowie,4,South Australia
42271,Park Holme,4,South Australia
42276,Parkside,4,South Australia
42281,Pasadena,4,South Australia
42286,Payneham,4,South Australia
42291,Payneham South,4,South Australia
42296,Penfield,4,South Australia
42301,Penfield Gardens,4,South Australia
42306,Pennington,4,South Australia
42311,Peterhead,4,South Australia
42316,Plympton,4,South Australia
42321,Plympton Park,4,South Australia
42326,Pooraka,4,South Australia
42331,Port Adelaide,4,South Australia
42336,Port Noarlunga,4,South Australia
42341,Port Noarlunga South,4,South Australia
42346,Port Willunga,4,South Australia
42351,Prospect,4,South Australia
42356,Queenstown,4,South Australia
42361,Redwood Park,4,South Australia
42371,Renown Park,4,South Australia
42376,Reynella,4,South Australia
42381,Reynella East,4,South Australia
42386,Richmond,4,South Australia
42391,Ridgehaven,4,South Australia
42396,Ridleyton,4,South Australia
42401,Rose Park,4,South Australia
42406,Rosewater,4,South Australia
42411,Rosslyn Park,4,South Australia
42416,Rostrevor,4,South Australia
42421,Royal Park,4,South Australia
42426,Royston Park,4,South Australia
42431,Salisbury,4,South Australia
42436,Salisbury Downs,4,South Australia
42441,Salisbury East,4,South Australia
42446,Salisbury Heights,4,South Australia
42451,Salisbury North,4,South Australia
42456,Salisbury Park,4,South Australia
42461,Salisbury Plain,4,South Australia
42466,Seacliff,4,South Australia
42471,Seacliff Park,4,South Australia
42476,Seacombe Gardens,4,South Australia
42481,Seacombe Heights,4,South Australia
42486,Seaford,4,South Australia
42491,Seaford Rise,4,South Australia
42496,Seaton,4,South Australia
42501,Seaview Downs,4,South Australia
42506,Sefton Park,4,South Australia
42511,Sellicks Beach,4,South Australia
42516,Semaphore,4,South Australia
42521,Semaphore Park,4,South Australia
42526,Semaphore South,4,South Australia
42531,Sheidow Park,4,South Australia
42536,Skye,4,South Australia
42541,Smithfield,4,South Australia
42546,Smithfield Plains,4,South Australia
42551,Somerton Park,4,South Australia
42556,South Brighton,4,South Australia
42561,South Plympton,4,South Australia
42566,Springfield,4,South Australia
42571,St Agnes,4,South Australia
42576,St Georges,4,South Australia
42581,St Marys,4,South Australia
42586,St Morris,4,South Australia
42591,St Peters,4,South Australia
42596,Stepney,4,South Australia
42601,Stirling,4,South Australia
42606,Stonyfell,4,South Australia
42611,Sturt,4,South Australia
42616,Surrey Downs,4,South Australia
42621,Taperoo,4,South Australia
42626,Tea Tree Gully,4,South Australia
42631,Tennyson,4,South Australia
42636,Teringie,4,South Australia
42641,Thebarton,4,South Australia
42646,Thorngate,4,South Australia
42651,Toorak Gardens,4,South Australia
42656,Torrens Park,4,South Australia
42661,Torrensville,4,South Australia
42666,Tranmere,4,South Australia
42671,Trinity Gardens,4,South Australia
42676,Trott Park,4,South Australia
42681,Tusmore,4,South Australia
42686,Uleybury,4,South Australia
42691,Underdale,4,South Australia
42696,Unley,4,South Australia
42701,Unley Park,4,South Australia
42706,Upper Sturt,4,South Australia
42711,Urrbrae,4,South Australia
42716,Vale Park,4,South Australia
42721,Valley View,4,South Australia
42726,Virginia,4,South Australia
42731,Vista,4,South Australia
42736,Walkerville,4,South Australia
42741,Walkley Heights,4,South Australia
42746,Warradale,4,South Australia
42751,Waterloo Corner,4,South Australia
42756,Wattle Park,4,South Australia
42761,Wayville,4,South Australia
42766,Welland,4,South Australia
42771,West Beach,4,South Australia
42776,West Croydon,4,South Australia
42781,West Hindmarsh,4,South Australia
42786,West Lakes,4,South Australia
42791,West Lakes Shore,4,South Australia
42796,West Richmond,4,South Australia
42801,Westbourne Park,4,South Australia
42806,Willaston,4,South Australia
42811,Windsor Gardens,4,South Australia
42816,Wingfield,4,South Australia
42821,Woodcroft,4,South Australia
42826,Woodforde,4,South Australia
42831,Woodville,4,South Australia
42836,Woodville Gardens,4,South Australia
42841,Woodville North,4,South Australia
42846,Woodville Park,4,South Australia
42851,Woodville South,4,South Australia
42856,Woodville West,4,South Australia
42861,Wynn Vale,4,South Australia
42866,Yatala Vale,4,South Australia
49999,Unclassified SA,4,South Australia
51006,Alexander Heights,5,Western Australia
51011,Alfred Cove,5,Western Australia
51021,Applecross,5,Western Australia
51026,Ardross,5,Western Australia
51031,Armadale,5,Western Australia
51036,Ascot,5,Western Australia
51041,Ashby,5,Western Australia
51046,Ashfield,5,Western Australia
51051,Attadale,5,Western Australia
51056,Atwell,5,Western Australia
51061,Balcatta,5,Western Australia
51066,Balga,5,Western Australia
51071,Ballajura,5,Western Australia
51076,Banjup,5,Western Australia
51081,Banksia Grove,5,Western Australia
51086,Bassendean,5,Western Australia
51091,Bateman,5,Western Australia
51096,Bayswater,5,Western Australia
51101,Beaconsfield,5,Western Australia
51106,Beckenham,5,Western Australia
51111,Bedford,5,Western Australia
51116,Beechboro,5,Western Australia
51121,Beeliar,5,Western Australia
51126,Beldon,5,Western Australia
51131,Belhus,5,Western Australia
51136,Bellevue,5,Western Australia
51141,Belmont,5,Western Australia
51146,Bentley,5,Western Australia
51151,Bertram,5,Western Australia
51156,Bibra Lake,5,Western Australia
51161,Bickley,5,Western Australia
51166,Bicton,5,Western Australia
51171,Booragoon,5,Western Australia
51176,Bouvard,5,Western Australia
51181,Boya,5,Western Australia
51186,Brentwood,5,Western Australia
51191,Brookdale,5,Western Australia
51196,Bull Creek,5,Western Australia
51201,Burns,5,Western Australia
51206,Burswood,5,Western Australia
51216,Byford,5,Western Australia
51221,Calista,5,Western Australia
51226,Canning Vale,5,Western Australia
51231,Cannington,5,Western Australia
51236,Carabooda,5,Western Australia
51241,Carine,5,Western Australia
51246,Carlisle,5,Western Australia
51251,Carmel,5,Western Australia
51256,Carramar,5,Western Australia
51266,Caversham,5,Western Australia
51271,Churchlands,5,Western Australia
51276,City Beach,5,Western Australia
51281,Claremont,5,Western Australia
51286,Clarkson,5,Western Australia
51291,Cloverdale,5,Western Australia
51296,Como,5,Western Australia
51301,Connolly,5,Western Australia
51306,Coodanup,5,Western Australia
51311,Coogee,5,Western Australia
51316,Coolbellup,5,Western Australia
51321,Coolbinia,5,Western Australia
51326,Cooloongup,5,Western Australia
51331,Cottesloe,5,Western Australia
51336,Craigie,5,Western Australia
51341,Crawley,5,Western Australia
51351,Currambine,5,Western Australia
51356,Daglish,5,Western Australia
51361,Dalkeith,5,Western Australia
51366,Darling Downs,5,Western Australia
51371,Darlington,5,Western Australia
51376,Dawesville,5,Western Australia
51381,Dianella,5,Western Australia
51386,Doubleview,5,Western Australia
51391,Dudley Park,5,Western Australia
51396,Duncraig,5,Western Australia
51401,East Cannington,5,Western Australia
51406,East Fremantle,5,Western Australia
51411,East Perth,5,Western Australia
51416,East Rockingham,5,Western Australia
51421,East Victoria Park,5,Western Australia
51426,Eden Hill,5,Western Australia
51431,Edgewater,5,Western Australia
51441,Ellenbrook,5,Western Australia
51446,Embleton,5,Western Australia
51451,Erskine,5,Western Australia
51456,Falcon,5,Western Australia
51461,Ferndale,5,Western Australia
51466,Floreat,5,Western Australia
51471,Forrestdale,5,Western Australia
51476,Forrestfield,5,Western Australia
51481,Fremantle,5,Western Australia
51486,Furnissdale,5,Western Australia
51491,Girrawheen,5,Western Australia
51496,Glen Forrest,5,Western Australia
51501,Glendalough,5,Western Australia
51506,Golden Bay,5,Western Australia
51511,Gooseberry Hill,5,Western Australia
51516,Gosnells,5,Western Australia
51521,Greenfields,5,Western Australia
51526,Greenmount,5,Western Australia
51531,Greenwood,5,Western Australia
51536,Guildford,5,Western Australia
51541,Gwelup,5,Western Australia
51546,Halls Head,5,Western Australia
51551,Hamersley,5,Western Australia
51556,Hamilton Hill,5,Western Australia
51561,Hazelmere,5,Western Australia
51566,Heathridge,5,Western Australia
51571,Helena Valley,5,Western Australia
51581,Henley Brook,5,Western Australia
51586,Herdsman,5,Western Australia
51591,Herne Hill,5,Western Australia
51596,High Wycombe,5,Western Australia
51601,Highgate,5,Western Australia
51606,Hillarys,5,Western Australia
51611,Hillman,5,Western Australia
51616,Hilton,5,Western Australia
51621,Hocking,5,Western Australia
51626,Hope Valley,5,Western Australia
51631,Hovea,5,Western Australia
51636,Huntingdale,5,Western Australia
51641,Iluka,5,Western Australia
51646,Inglewood,5,Western Australia
51651,Innaloo,5,Western Australia
51656,Jandakot,5,Western Australia
51661,Jane Brook,5,Western Australia
51671,Jolimont,5,Western Australia
51676,Joondalup,5,Western Australia
51681,Joondanna,5,Western Australia
51686,Kalamunda,5,Western Australia
51691,Kallaroo,5,Western Australia
51696,Karawara,5,Western Australia
51701,Kardinya,5,Western Australia
51711,Karrinyup,5,Western Australia
51716,Kelmscott,5,Western Australia
51721,Kensington,5,Western Australia
51726,Kenwick,5,Western Australia
51731,Kewdale,5,Western Australia
51736,Kiara,5,Western Australia
51741,Kingsley,5,Western Australia
51746,Kinross,5,Western Australia
51751,Koondoola,5,Western Australia
51756,Koongamia,5,Western Australia
51771,Landsdale,5,Western Australia
51776,Langford,5,Western Australia
51781,Lathlain,5,Western Australia
51786,Leda,5,Western Australia
51791,Leederville,5,Western Australia
51796,Leeming,5,Western Australia
51801,Lesmurdie,5,Western Australia
51806,Lockridge,5,Western Australia
51811,Lynwood,5,Western Australia
51816,Maddington,5,Western Australia
51821,Madeley,5,Western Australia
51826,Madora,5,Western Australia
51831,Mahogany Creek,5,Western Australia
51836,Maida Vale,5,Western Australia
51846,Mandurah,5,Western Australia
51851,Manning,5,Western Australia
51856,Marangaroo,5,Western Australia
51861,Marmion,5,Western Australia
51866,Martin,5,Western Australia
51871,Maylands,5,Western Australia
51876,Meadow Springs,5,Western Australia
51881,Medina,5,Western Australia
51886,Melville,5,Western Australia
51891,Menora,5,Western Australia
51896,Merriwa,5,Western Australia
51901,Middle Swan,5,Western Australia
51906,Midland,5,Western Australia
51911,Midvale,5,Western Australia
51916,Mindarie,5,Western Australia
51921,Mirrabooka,5,Western Australia
51926,Morley,5,Western Australia
51931,Mosman Park,5,Western Australia
51936,Mount Claremont,5,Western Australia
51941,Mount Hawthorn,5,Western Australia
51946,Mount Lawley,5,Western Australia
51951,Mount Nasura,5,Western Australia
51956,Mount Pleasant,5,Western Australia
51961,Mullaloo,5,Western Australia
51966,Mundaring,5,Western Australia
51971,Munster,5,Western Australia
51976,Murdoch,5,Western Australia
51981,Myaree,5,Western Australia
51986,Naval Base,5,Western Australia
51991,Nedlands,5,Western Australia
51996,Neerabup,5,Western Australia
52001,Nollamara,5,Western Australia
52006,Noranda,5,Western Australia
52011,North Beach,5,Western Australia
52016,North Fremantle,5,Western Australia
52021,North Lake,5,Western Australia
52026,North Perth,5,Western Australia
52031,North Yunderup,5,Western Australia
52036,Northbridge,5,Western Australia
52041,Nowergup,5,Western Australia
52046,O'Connor,5,Western Australia
52051,Oakford,5,Western Australia
52056,Ocean Reef,5,Western Australia
52061,Orelia,5,Western Australia
52066,Osborne Park,5,Western Australia
52071,Padbury,5,Western Australia
52076,Palmyra,5,Western Australia
52081,Parkerville,5,Western Australia
52086,Parklands,5,Western Australia
52091,Parkwood,5,Western Australia
52096,Parmelia,5,Western Australia
52101,Pearsall,5,Western Australia
52106,Peppermint Grove,5,Western Australia
52111,Perth,5,Western Australia
52116,Pinjarra,5,Western Australia
52121,Port Kennedy,5,Western Australia
52131,Queens Park,5,Western Australia
52136,Quinns Rocks,5,Western Australia
52141,Ravenswood,5,Western Australia
52146,Redcliffe,5,Western Australia
52151,Ridgewood,5,Western Australia
52156,Riverton,5,Western Australia
52161,Rivervale,5,Western Australia
52166,Rockingham,5,Western Australia
52171,Roleystone,5,Western Australia
52176,Rossmoyne,5,Western Australia
52181,Safety Bay,5,Western Australia
52186,Salter Point,5,Western Australia
52191,Samson,5,Western Australia
52196,San Remo,5,Western Australia
52201,Scarborough,5,Western Australia
52206,Secret Harbour,5,Western Australia
52211,Shelley,5,Western Australia
52216,Shenton Park,5,Western Australia
52221,Shoalwater,5,Western Australia
52226,Silver Sands,5,Western Australia
52231,Sinagra,5,Western Australia
52236,Singleton,5,Western Australia
52241,Sorrento,5,Western Australia
52246,South Fremantle,5,Western Australia
52251,South Guildford,5,Western Australia
52256,South Lake,5,Western Australia
52261,South Perth,5,Western Australia
52266,South Yunderup,5,Western Australia
52271,Southern River,5,Western Australia
52276,Spearwood,5,Western Australia
52281,St James,5,Western Australia
52286,Stirling,5,Western Australia
52291,Stoneville,5,Western Australia
52296,Stratton,5,Western Australia
52301,Subiaco,5,Western Australia
52306,Success,5,Western Australia
52311,Swan View,5,Western Australia
52316,Swanbourne,5,Western Australia
52326,Tapping,5,Western Australia
52336,The Vines,5,Western Australia
52341,Thornlie,5,Western Australia
52346,Trigg,5,Western Australia
52351,Tuart Hill,5,Western Australia
52356,Two Rocks,5,Western Australia
52361,Upper Swan,5,Western Australia
52366,Victoria Park,5,Western Australia
52371,Viveash,5,Western Australia
52376,Waikiki,5,Western Australia
52381,Walliston,5,Western Australia
52386,Wandi,5,Western Australia
52391,Wangara,5,Western Australia
52396,Wannanup,5,Western Australia
52401,Wanneroo,5,Western Australia
52406,Warnbro,5,Western Australia
52411,Warwick,5,Western Australia
52416,Waterford,5,Western Australia
52421,Waterman,5,Western Australia
52426,Wattle Grove,5,Western Australia
52431,Wattleup,5,Western Australia
52436,Wellard,5,Western Australia
52446,Wembley,5,Western Australia
52451,Wembley Downs,5,Western Australia
52456,West Leederville,5,Western Australia
52461,West Perth,5,Western Australia
52466,West Swan,5,Western Australia
52471,Westfield,5,Western Australia
52476,Westminster,5,Western Australia
52481,White Gum Valley,5,Western Australia
52491,Willagee,5,Western Australia
52496,Willetton,5,Western Australia
52501,Wilson,5,Western Australia
52506,Winthrop,5,Western Australia
52511,Woodbridge,5,Western Australia
52516,Woodlands,5,Western Australia
52521,Woodvale,5,Western Australia
52526,Yanchep,5,Western Australia
52531,Yangebup,5,Western Australia
52536,Yokine,5,Western Australia
59999,Unclassified WA,5,Western Australia
61006,Acton Park-Roches Beach,6,Tasmania
61011,Austins Ferry,6,Tasmania
61016,Battery Point,6,Tasmania
61021,Bellerive,6,Tasmania
61026,Berriedale,6,Tasmania
61031,Blackmans Bay,6,Tasmania
61036,Bonnet Hill,6,Tasmania
61041,Bridgewater,6,Tasmania
61046,Cambridge,6,Tasmania
61051,Carlton,6,Tasmania
61056,Chigwell,6,Tasmania
61061,Claremont,6,Tasmania
61066,Clarendon Vale,6,Tasmania
61071,Clifton Beach,6,Tasmania
61076,Collinsvale-Glenlusk,6,Tasmania
61081,Cremorne,6,Tasmania
61086,Derwent Park,6,Tasmania
61091,Dodges Ferry,6,Tasmania
61096,Dynnyrne-Tolmans Hill,6,Tasmania
61101,Fern Tree,6,Tasmania
61106,Gagebrook,6,Tasmania
61111,Geilston Bay,6,Tasmania
61116,Glebe-Queen's Domain,6,Tasmania
61121,Glenorchy,6,Tasmania
61126,Goodwood-Dowsings Point,6,Tasmania
61131,Granton,6,Tasmania
61136,Hobart,6,Tasmania
61141,Howden,6,Tasmania
61146,Howrah,6,Tasmania
61151,Huntingfield,6,Tasmania
61156,Kingston,6,Tasmania
61161,Kingston Beach,6,Tasmania
61166,Lauderdale,6,Tasmania
61171,Lenah Valley,6,Tasmania
61176,Lewisham,6,Tasmania
61181,Lindisfarne,6,Tasmania
61186,Lutana,6,Tasmania
61191,Midway Point,6,Tasmania
61196,Montagu Bay,6,Tasmania
61201,Montrose,6,Tasmania
61206,Moonah,6,Tasmania
61211,Mornington,6,Tasmania
61216,Mount Nelson,6,Tasmania
61221,Mount Rumney,6,Tasmania
61226,Mount Stuart,6,Tasmania
61231,New Town,6,Tasmania
61236,North Hobart,6,Tasmania
61241,Oakdowns,6,Tasmania
61246,Old Beach,6,Tasmania
61251,Opossum Bay,6,Tasmania
61256,Otago,6,Tasmania
61261,Primrose Sands,6,Tasmania
61266,Ridgeway,6,Tasmania
61271,Risdon-Risdon Vale,6,Tasmania
61276,Rokeby,6,Tasmania
61281,Rose Bay,6,Tasmania
61286,Rosetta,6,Tasmania
61291,Rosny,6,Tasmania
61301,Sandford,6,Tasmania
61306,Sandy Bay,6,Tasmania
61311,Seven Mile Beach,6,Tasmania
61316,Sorell,6,Tasmania
61321,South Arm,6,Tasmania
61326,South Hobart,6,Tasmania
61331,Taroona,6,Tasmania
61336,Tinderbox,6,Tasmania
61341,Tranmere,6,Tasmania
61346,Warrane,6,Tasmania
61351,West Hobart,6,Tasmania
61356,West Moonah,6,Tasmania
62006,Blackstone Heights,6,Tasmania
62011,East Launceston,6,Tasmania
62016,Hadspen,6,Tasmania
62021,Invermay,6,Tasmania
62026,Kings Meadows,6,Tasmania
62031,Launceston,6,Tasmania
62036,Legana,6,Tasmania
62041,Mayfield,6,Tasmania
62046,Mowbray,6,Tasmania
62051,Newnham,6,Tasmania
62056,Newstead,6,Tasmania
62061,Norwood,6,Tasmania
62066,Prospect,6,Tasmania
62071,Prospect Vale,6,Tasmania
62076,Punchbowl,6,Tasmania
62081,Ravenswood,6,Tasmania
62086,Riverside,6,Tasmania
62091,Rocherlea,6,Tasmania
62096,South Launceston,6,Tasmania
62101,St Leonards,6,Tasmania
62106,Summerhill,6,Tasmania
62111,Trevallyn,6,Tasmania
62116,Waverley,6,Tasmania
62121,West Launceston,6,Tasmania
62126,Youngtown,6,Tasmania
63006,Ambleside,6,Tasmania
63011,Devonport,6,Tasmania
63016,East Devonport,6,Tasmania
63021,Miandetta,6,Tasmania
63026,Quoiba-Spreyton,6,Tasmania
63031,Stony Rise,6,Tasmania
64006,Acton,6,Tasmania
64011,Brooklyn,6,Tasmania
64016,Burnie,6,Tasmania
64021,Cooee,6,Tasmania
64026,Emu Heights,6,Tasmania
64031,Havenview,6,Tasmania
64036,Hillcrest,6,Tasmania
64041,Montello,6,Tasmania
64046,Ocean Vista-Camdale,6,Tasmania
64051,Park Grove,6,Tasmania
64056,Parklands,6,Tasmania
64061,Romaine-Downlands,6,Tasmania
64066,Shorewell Park,6,Tasmania
64071,South Burnie,6,Tasmania
64076,Somerset,6,Tasmania
64081,Upper Burnie,6,Tasmania
64086,Wivenhoe,6,Tasmania
69999,Unclassified TAS,6,Tasmania
71006,Airport (Darwin),7,Northern Territory
71011,Alawa,7,Northern Territory
71016,Anula,7,Northern Territory
71021,Bayview,7,Northern Territory
71026,Berrimah,7,Northern Territory
71031,Brinkin,7,Northern Territory
71041,Coconut Grove,7,Northern Territory
71046,Coonawarra,7,Northern Territory
71051,Darwin City,7,Northern Territory
71061,Fannie Bay,7,Northern Territory
71066,Jingili,7,Northern Territory
71071,Karama,7,Northern Territory
71076,Knuckey Lagoon,7,Northern Territory
71081,Larrakeyah,7,Northern Territory
71086,Leanyer,7,Northern Territory
71091,Ludmilla,7,Northern Territory
71096,Malak,7,Northern Territory
71101,Marrara,7,Northern Territory
71106,Millner,7,Northern Territory
71111,Moil,7,Northern Territory
71116,Nakara,7,Northern Territory
71121,Nightcliff,7,Northern Territory
71126,Parap,7,Northern Territory
71131,Rapid Creek,7,Northern Territory
71136,Stuart Park,7,Northern Territory
71141,The Gardens,7,Northern Territory
71146,The Narrows,7,Northern Territory
71151,Tiwi,7,Northern Territory
71156,Wagaman,7,Northern Territory
71161,Wanguri,7,Northern Territory
71166,Winnellie,7,Northern Territory
71171,Woolner,7,Northern Territory
71176,Wulagi,7,Northern Territory
72006,Bakewell,7,Northern Territory
72011,Driver,7,Northern Territory
72016,Durack,7,Northern Territory
72026,Gray,7,Northern Territory
72031,Gunn,7,Northern Territory
72036,Marlow Lagoon,7,Northern Territory
72041,Moulden,7,Northern Territory
72045,Roseberry,7,Northern Territory
72051,Woodroffe,7,Northern Territory
72056,Yarrawonga,7,Northern Territory
79999,Unclassified NT,7,Northern Territory
89999,Unclassified ACT,8,Australian Capital Territory
99999,Unclassified OT,9,Other Territories
