,Median mortgage repayments,Households where mortgage payments are less than 30% of household income,"Households where mortgage payments are 30%, or greater, of household income",Median mortgage repayments (%),Households where mortgage payments are less than 30% of household income (%),"Households where mortgage payments are 30%, or greater, of household income (%)"
Abbotsbury,2200.0,--,--,--,85.2,14.8
New South Wales,1993.0,--,--,--,89.5,10.5
Australia,1800.0,--,--,--,90.1,9.9
Abbotsford (NSW),3000.0,--,--,--,92.6,7.4
Acacia Gardens,2500.0,--,--,--,79.0,21.0
Adamstown,1950.0,--,--,--,91.5,8.5
Adamstown Heights,1950.0,--,--,--,93.6,6.4
Airds,1213.0,--,--,--,99.3,0.7
Albion Park,1993.0,--,--,--,84.2,15.8
Albion Park Rail,1733.0,--,--,--,89.1,10.9
Alexandria,2500.0,--,--,--,86.7,13.3
Alfords Point,2500.0,--,--,--,87.8,12.2
Allambie Heights,3000.0,--,--,--,85.0,15.0
Allawah,2000.0,--,--,--,86.4,13.6
Ambarvale,1733.0,--,--,--,88.8,11.2
Annandale (NSW),2947.0,--,--,--,90.2,9.8
Argenton,1603.0,--,--,--,88.7,11.3
Arncliffe,2277.0,--,--,--,88.3,11.7
Artarmon,2500.0,--,--,--,91.7,8.3
Ashbury,2500.0,--,--,--,88.5,11.5
Ashcroft,1647.0,--,--,--,88.8,11.2
Ashfield (NSW),2100.0,--,--,--,90.8,9.2
Asquith,2200.0,--,--,--,89.7,10.3
Auburn (NSW),1800.0,--,--,--,85.9,14.1
Austinmer,2167.0,--,--,--,90.6,9.4
Avoca Beach,2167.0,--,--,--,87.7,12.3
Balgowlah,2836.0,--,--,--,87.8,12.2
Balgowlah Heights,3987.0,--,--,--,85.3,14.7
Balgownie,2167.0,--,--,--,91.3,8.7
Balmain,3033.0,--,--,--,90.6,9.4
Balmain East,3250.0,--,--,--,92.2,7.8
Bangor (NSW),2498.0,--,--,--,87.9,12.1
Banksia,2500.0,--,--,--,85.3,14.7
Bankstown,1733.0,--,--,--,86.7,13.3
Bar Beach,2500.0,--,--,--,96.9,3.1
Barden Ridge,2271.0,--,--,--,85.9,14.1
Bardwell Park,2700.0,--,--,--,87.7,12.3
Bardwell Valley,2275.0,--,--,--,85.4,14.6
Barnsley,1517.0,--,--,--,86.4,13.6
Barrack Heights,1733.0,--,--,--,91.4,8.6
Barrack Point,2167.0,--,--,--,88.8,11.2
Bass Hill,2004.0,--,--,--,85.3,14.7
Bateau Bay,1800.0,--,--,--,90.4,9.6
Baulkham Hills,2400.0,--,--,--,87.0,13.0
Bayview (NSW),2800.0,--,--,--,89.7,10.3
Beacon Hill,2817.0,--,--,--,84.4,15.6
Beaconsfield (NSW),3000.0,--,--,--,81.5,18.5
Beecroft,2650.0,--,--,--,89.8,10.2
Bella Vista,2704.0,--,--,--,83.2,16.8
Bellambi,1950.0,--,--,--,93.3,6.7
Bellevue Hill,3250.0,--,--,--,89.1,10.9
Belmont (NSW),2000.0,--,--,--,93.6,6.4
Belmont North,1863.0,--,--,--,89.1,10.9
Belmont South,1777.0,--,--,--,94.9,5.1
Belmore,1950.0,--,--,--,89.1,10.9
Belrose,2817.0,--,--,--,86.8,13.2
Bensville,2058.0,--,--,--,82.2,17.8
Berala,1755.0,--,--,--,88.1,11.9
Berkeley,1621.0,--,--,--,91.9,8.1
Berkeley Vale,1800.0,--,--,--,86.5,13.5
Berowra,2500.0,--,--,--,85.9,14.1
Berowra Heights,2232.0,--,--,--,85.6,14.4
Beverley Park,2500.0,--,--,--,87.6,12.4
Beverly Hills,2100.0,--,--,--,87.9,12.1
Bexley,2167.0,--,--,--,85.3,14.7
Bexley North,2427.0,--,--,--,89.1,10.9
Bidwill (NSW),1625.0,--,--,--,95.1,4.9
Birchgrove,3300.0,--,--,--,88.8,11.2
Birmingham Gardens,1517.0,--,--,--,94.2,5.8
Birrong,2000.0,--,--,--,88.1,11.9
Blackalls Park,1517.0,--,--,--,91.5,8.5
Blackbutt (NSW),2000.0,--,--,--,90.8,9.2
Blackett,1509.0,--,--,--,92.7,7.3
Blacksmiths,1647.0,--,--,--,94.3,5.7
Blacktown,1907.0,--,--,--,87.4,12.6
Blackwall (NSW),1820.0,--,--,--,91.8,8.2
Blairmount,1984.0,--,--,--,85.8,14.2
Blakehurst,2500.0,--,--,--,86.5,13.5
Blaxland (NSW),2000.0,--,--,--,90.2,9.8
Blue Bay,1473.0,--,--,--,95.7,4.3
Blue Haven,1733.0,--,--,--,85.4,14.6
Bolton Point,1600.0,--,--,--,96.3,3.7
Bondi,2708.0,--,--,--,92.8,7.2
Bondi Beach,2687.0,--,--,--,92.8,7.2
Bondi Junction,2800.0,--,--,--,93.2,6.8
Bonnet Bay,2600.0,--,--,--,88.9,11.1
Bonnyrigg,1857.0,--,--,--,86.7,13.3
Bonnyrigg Heights,2000.0,--,--,--,84.0,16.0
Booker Bay,1679.0,--,--,--,96.0,4.0
Boolaroo,1517.0,--,--,--,89.9,10.1
Booragul,1590.0,--,--,--,94.6,5.4
Bossley Park,2000.0,--,--,--,86.2,13.8
Botany,2513.0,--,--,--,85.6,14.4
Bow Bowing,2100.0,--,--,--,78.0,22.0
Bradbury (NSW),1733.0,--,--,--,88.1,11.9
Broadmeadow,1800.0,--,--,--,92.4,7.6
Bronte,3467.0,--,--,--,89.5,10.5
Brookvale,2600.0,--,--,--,84.6,15.4
Budgewoi,1649.0,--,--,--,91.2,8.8
Bulli,2295.0,--,--,--,89.5,10.5
Burwood (NSW),2167.0,--,--,--,92.0,8.0
Burwood Heights,3250.0,--,--,--,89.0,11.0
Busby,1733.0,--,--,--,87.4,12.6
Cabarita (NSW),2900.0,--,--,--,88.9,11.1
Cabramatta,1300.0,--,--,--,87.9,12.1
Cabramatta West,1733.0,--,--,--,87.6,12.4
Cambridge Gardens,1930.0,--,--,--,87.5,12.5
Cambridge Park,1831.0,--,--,--,86.7,13.3
Camden,2032.0,--,--,--,90.0,10.0
Camden South,2000.0,--,--,--,87.9,12.1
Cammeray,2754.0,--,--,--,90.8,9.2
Campbelltown (NSW),1733.0,--,--,--,89.5,10.5
Camperdown (NSW),2604.0,--,--,--,89.5,10.5
Campsie,1733.0,--,--,--,88.3,11.7
Canada Bay,3200.0,--,--,--,88.1,11.9
Canley Heights,1733.0,--,--,--,85.6,14.4
Canley Vale,1430.0,--,--,--,86.1,13.9
Canterbury (NSW),2150.0,--,--,--,88.7,11.3
Canton Beach,1300.0,--,--,--,97.4,2.6
Cardiff (NSW),1733.0,--,--,--,89.9,10.1
Cardiff Heights,1700.0,--,--,--,92.9,7.1
Cardiff South,1650.0,--,--,--,87.7,12.3
Caringbah,2253.0,--,--,--,88.8,11.2
Carlingford,2200.0,--,--,--,88.1,11.9
Carlton (NSW),2167.0,--,--,--,87.3,12.7
Carrington (Newcastle - NSW),1733.0,--,--,--,93.5,6.5
Carss Park,3000.0,--,--,--,87.8,12.2
Cartwright,1600.0,--,--,--,89.0,11.0
Castle Cove,3500.0,--,--,--,87.7,12.3
Castle Hill (NSW),2600.0,--,--,--,86.5,13.5
Castlecrag,4467.0,--,--,--,85.0,15.0
Casula,2167.0,--,--,--,82.3,17.7
Caves Beach,1928.0,--,--,--,91.9,8.1
Cecil Hills,2167.0,--,--,--,79.7,20.3
Centennial Park (NSW),2323.0,--,--,--,91.7,8.3
Charlestown (NSW),1850.0,--,--,--,92.5,7.5
Charmhaven,1668.0,--,--,--,87.8,12.2
Chatswood,2600.0,--,--,--,91.0,9.0
Chatswood West,3400.0,--,--,--,87.5,12.5
Cheltenham (NSW),2500.0,--,--,--,89.6,10.4
Cherrybrook,2600.0,--,--,--,87.8,12.2
Chester Hill,2000.0,--,--,--,87.3,12.7
Chifley (NSW),2167.0,--,--,--,88.2,11.8
Chippendale,2167.0,--,--,--,93.5,6.5
Chipping Norton,2057.0,--,--,--,85.0,15.0
Chiswick,2600.0,--,--,--,91.2,8.8
Chittaway Bay,1733.0,--,--,--,88.5,11.5
Chittaway Point,2000.0,--,--,--,85.9,14.1
Church Point,3000.0,--,--,--,85.4,14.6
Claremont Meadows,2077.0,--,--,--,77.7,22.3
Claymore,477.0,--,--,--,100.0,0.0
Clontarf (NSW),4000.0,--,--,--,87.4,12.6
Clovelly,3067.0,--,--,--,89.5,10.5
Coal Point,2200.0,--,--,--,92.7,7.3
Coledale,2350.0,--,--,--,87.3,12.7
Collaroy (NSW),2668.0,--,--,--,86.0,14.0
Colyton,1885.0,--,--,--,84.0,16.0
Como (NSW),2600.0,--,--,--,87.4,12.6
Concord,2500.0,--,--,--,89.8,10.2
Concord West,2383.0,--,--,--,88.8,11.2
Condell Park,2167.0,--,--,--,84.7,15.3
Coniston,1534.0,--,--,--,92.3,7.7
Connells Point,2600.0,--,--,--,87.1,12.9
Coogee (NSW),2600.0,--,--,--,92.7,7.3
Cooks Hill,1950.0,--,--,--,94.6,5.4
Copacabana,1924.0,--,--,--,86.6,13.4
Cordeaux Heights,1898.0,--,--,--,90.1,9.9
Corrimal,1950.0,--,--,--,91.1,8.9
Cranebrook,2000.0,--,--,--,83.6,16.4
Cremorne (NSW),2817.0,--,--,--,91.0,9.0
Cremorne Point,3525.0,--,--,--,92.9,7.1
Cringila,1326.0,--,--,--,88.4,11.6
Cromer (NSW),2600.0,--,--,--,86.0,14.0
Cronulla,2275.0,--,--,--,91.0,9.0
Croudace Bay,1984.0,--,--,--,91.1,8.9
Crows Nest (NSW),2900.0,--,--,--,90.1,9.9
Croydon (NSW),2400.0,--,--,--,89.6,10.4
Curl Curl,3000.0,--,--,--,88.2,11.8
Currans Hill,2167.0,--,--,--,78.7,21.3
Daceyville,1600.0,--,--,--,97.4,2.6
Daleys Point,1550.0,--,--,--,92.8,7.2
Dapto,1733.0,--,--,--,88.4,11.6
Darling Point,3200.0,--,--,--,93.2,6.8
Darlinghurst,2643.0,--,--,--,92.0,8.0
Darlington (Sydney - NSW),2600.0,--,--,--,93.1,6.9
Davidson,3000.0,--,--,--,86.4,13.6
Davistown,1918.0,--,--,--,89.4,10.6
Dawes Point,5500.0,--,--,--,90.6,9.4
Dean Park,1950.0,--,--,--,82.9,17.1
Dee Why,2370.0,--,--,--,86.8,13.2
Denistone,2500.0,--,--,--,90.1,9.9
Denistone East,2817.0,--,--,--,87.2,12.8
Denistone West,2450.0,--,--,--,88.0,12.0
Dharruk,1647.0,--,--,--,86.1,13.9
Dolans Bay,3017.0,--,--,--,87.6,12.4
Dolls Point,2405.0,--,--,--,88.4,11.6
Doonside,1900.0,--,--,--,88.7,11.3
Double Bay,3000.0,--,--,--,92.5,7.5
Dover Heights,4275.0,--,--,--,85.5,14.5
Drummoyne,2760.0,--,--,--,90.5,9.5
Dudley,2000.0,--,--,--,89.6,10.4
Dulwich Hill,2200.0,--,--,--,90.5,9.5
Dundas (NSW),2167.0,--,--,--,87.0,13.0
Dundas Valley,2500.0,--,--,--,85.4,14.6
Dural (Hornsby - NSW),2600.0,--,--,--,86.3,13.7
Eagle Vale,1733.0,--,--,--,83.2,16.8
Earlwood,2500.0,--,--,--,88.3,11.7
East Gosford,1750.0,--,--,--,92.9,7.1
East Hills,2300.0,--,--,--,87.9,12.1
East Killara,3467.0,--,--,--,88.5,11.5
East Lindfield,3267.0,--,--,--,88.9,11.1
East Ryde,2600.0,--,--,--,88.6,11.4
Eastern Creek,1847.0,--,--,--,84.1,15.9
Eastlakes,2030.0,--,--,--,91.3,8.7
Eastwood (NSW),2167.0,--,--,--,89.1,10.9
Edensor Park,2026.0,--,--,--,85.6,14.4
Edgecliff,2817.0,--,--,--,92.2,7.8
Edgeworth,1623.0,--,--,--,88.0,12.0
Elanora Heights,3000.0,--,--,--,84.9,15.1
Elderslie (Camden - NSW),2253.0,--,--,--,84.7,15.3
Eleebana,1950.0,--,--,--,92.5,7.5
Elermore Vale,1733.0,--,--,--,91.7,8.3
Elizabeth Bay,2200.0,--,--,--,94.0,6.0
Emerton,1517.0,--,--,--,90.9,9.1
Empire Bay,2114.0,--,--,--,87.7,12.3
Emu Heights (NSW),2079.0,--,--,--,85.9,14.1
Emu Plains,2126.0,--,--,--,89.9,10.1
Enfield (NSW),2300.0,--,--,--,86.6,13.4
Engadine,2427.0,--,--,--,84.5,15.5
Enmore (Marrickville - NSW),2600.0,--,--,--,90.6,9.4
Epping (NSW),2286.0,--,--,--,91.3,8.7
Erina,1800.0,--,--,--,92.6,7.4
Ermington,2500.0,--,--,--,86.9,13.1
Erskine Park,2000.0,--,--,--,84.3,15.7
Erskineville,2600.0,--,--,--,90.7,9.3
Eschol Park,1770.0,--,--,--,84.9,15.1
Ettalong Beach,1600.0,--,--,--,95.4,4.6
Fairfield (NSW),1647.0,--,--,--,89.1,10.9
Fairfield East,1842.0,--,--,--,86.6,13.4
Fairfield Heights,2011.0,--,--,--,88.3,11.7
Fairfield West,1879.0,--,--,--,84.7,15.3
Fairlight,3000.0,--,--,--,89.6,10.4
Fairy Meadow,1800.0,--,--,--,93.7,6.3
Farmborough Heights,1863.0,--,--,--,89.0,11.0
Faulconbridge,1950.0,--,--,--,88.9,11.1
Fennell Bay,1733.0,--,--,--,92.2,7.8
Figtree,2000.0,--,--,--,91.7,8.3
Five Dock,2800.0,--,--,--,90.1,9.9
Fletcher (NSW),2250.0,--,--,--,84.0,16.0
Flinders (NSW),2167.0,--,--,--,82.7,17.3
Floraville,1820.0,--,--,--,88.9,11.1
Forest Lodge,3000.0,--,--,--,93.5,6.5
Forestville (NSW),2800.0,--,--,--,88.7,11.3
Forresters Beach,2080.0,--,--,--,86.5,13.5
Frenchs Forest,2905.0,--,--,--,85.3,14.7
Garden Suburb,1900.0,--,--,--,92.2,7.8
Gateshead,1517.0,--,--,--,92.7,7.3
Georgetown (NSW),1833.0,--,--,--,93.1,6.9
Girraween (NSW),2150.0,--,--,--,86.9,13.1
Gladesville,2500.0,--,--,--,89.3,10.7
Glebe (NSW),2817.0,--,--,--,94.5,5.5
Glenbrook,2000.0,--,--,--,91.0,9.0
Glendale (NSW),1733.0,--,--,--,89.6,10.4
Glendenning,2050.0,--,--,--,76.1,23.9
Glenfield (NSW),1965.0,--,--,--,85.5,14.5
Glenhaven,2639.0,--,--,--,87.6,12.4
Glenmore Park,2200.0,--,--,--,83.2,16.8
Glenning Valley,1950.0,--,--,--,87.5,12.5
Glenwood (NSW),2550.0,--,--,--,80.0,20.0
Gordon (NSW),3000.0,--,--,--,86.8,13.2
Gorokan,1517.0,--,--,--,90.1,9.9
Gosford,1570.0,--,--,--,94.6,5.4
Granville (NSW),1777.0,--,--,--,88.2,11.8
Grays Point,2487.0,--,--,--,87.3,12.7
Green Point (Great Lakes - NSW),1602.0,--,--,--,89.8,10.2
Green Valley (NSW),2000.0,--,--,--,81.1,18.9
Greenacre,2100.0,--,--,--,82.9,17.1
Greenfield Park,1980.0,--,--,--,82.2,17.8
Greenwich,2800.0,--,--,--,90.9,9.1
Greystanes,2167.0,--,--,--,86.5,13.5
Guildford (NSW),1880.0,--,--,--,86.6,13.4
Guildford West,2167.0,--,--,--,84.4,15.6
Gwynneville,1855.0,--,--,--,96.4,3.6
Gymea,2492.0,--,--,--,88.3,11.7
Gymea Bay,2700.0,--,--,--,86.5,13.5
Haberfield,2600.0,--,--,--,90.5,9.5
Halekulani,1717.0,--,--,--,90.6,9.4
Hamilton (NSW),1863.0,--,--,--,93.5,6.5
Hamilton East,2492.0,--,--,--,94.8,5.2
Hamilton North,1950.0,--,--,--,90.8,9.2
Hamilton South,2100.0,--,--,--,95.7,4.3
Hammondville,2167.0,--,--,--,82.1,17.9
Harrington Park,2500.0,--,--,--,77.5,22.5
Harris Park,1576.0,--,--,--,93.6,6.4
Hassall Grove,2000.0,--,--,--,77.1,22.9
Haymarket,2500.0,--,--,--,89.9,10.1
Heathcote (NSW),2357.0,--,--,--,86.7,13.3
Hebersham,1655.0,--,--,--,88.8,11.2
Heckenberg,1777.0,--,--,--,84.6,15.4
Henley,2900.0,--,--,--,84.9,15.1
Hillsborough (Lake Macquarie - NSW),1854.0,--,--,--,86.5,13.5
Hillsdale,1900.0,--,--,--,89.4,10.6
Hinchinbrook (NSW),2004.0,--,--,--,79.3,20.7
Holmesville,1625.0,--,--,--,88.8,11.2
Holsworthy,2307.0,--,--,--,80.5,19.5
Homebush (NSW),2300.0,--,--,--,87.4,12.6
Homebush West,2000.0,--,--,--,83.8,16.2
Horningsea Park,2500.0,--,--,--,69.9,30.1
Hornsby,2167.0,--,--,--,88.4,11.6
Hornsby Heights,2383.0,--,--,--,85.4,14.6
Horsley,2000.0,--,--,--,83.9,16.1
Hoxton Park,2383.0,--,--,--,74.8,25.2
Hunters Hill,3033.0,--,--,--,86.6,13.4
Hurlstone Park,2058.0,--,--,--,91.8,8.2
Hurstville Grove,2600.0,--,--,--,84.4,15.6
Illawong,2492.0,--,--,--,87.7,12.3
Ingleburn,1733.0,--,--,--,87.3,12.7
Ingleside,4000.0,--,--,--,86.1,13.9
Islington,1800.0,--,--,--,93.4,6.6
Jamisontown,1850.0,--,--,--,87.7,12.3
Jannali,2500.0,--,--,--,87.3,12.7
Jesmond,1417.0,--,--,--,96.2,3.8
Kahibah,1863.0,--,--,--,92.6,7.4
Kanahooka,1907.0,--,--,--,90.6,9.4
Kangaroo Point (NSW),4333.0,--,--,--,83.0,17.0
Kanwal,1681.0,--,--,--,90.1,9.9
Kareela,2806.0,--,--,--,86.2,13.8
Kariong,1967.0,--,--,--,83.9,16.1
Kearns,1950.0,--,--,--,85.5,14.5
Keiraville,2167.0,--,--,--,93.2,6.8
Kellyville,2600.0,--,--,--,82.3,17.7
Kembla Grange,2167.0,--,--,--,92.9,7.1
Kensington (NSW),2600.0,--,--,--,92.4,7.6
Kilaben Bay,2019.0,--,--,--,90.2,9.8
Killara (NSW),3300.0,--,--,--,88.3,11.7
Killarney Heights,3000.0,--,--,--,88.4,11.6
Killarney Vale,1733.0,--,--,--,87.8,12.2
Kincumber,1950.0,--,--,--,89.8,10.2
Kincumber South,1388.0,--,--,--,98.4,1.6
Kings Langley,2200.0,--,--,--,88.2,11.8
Kings Park (NSW),2175.0,--,--,--,81.3,18.7
Kingsford (NSW),2490.0,--,--,--,92.2,7.8
Kingswood (Tamworth - NSW),1820.0,--,--,--,91.7,8.3
Kirrawee,2496.0,--,--,--,86.9,13.1
Kirribilli,2800.0,--,--,--,95.2,4.8
Kogarah,2032.0,--,--,--,88.6,11.4
Kogarah Bay,2817.0,--,--,--,84.3,15.7
Koolewong,2040.0,--,--,--,89.1,10.9
Koonawarra,1517.0,--,--,--,91.0,9.0
Kotara,1863.0,--,--,--,91.6,8.4
Kotara South,1900.0,--,--,--,92.0,8.0
Kurnell,2600.0,--,--,--,80.1,19.9
Kyeemagh,2900.0,--,--,--,87.1,12.9
Kyle Bay,3379.0,--,--,--,87.3,12.7
La Perouse,4333.0,--,--,--,95.4,4.6
Lake Haven,1595.0,--,--,--,94.2,5.8
Lake Heights,1850.0,--,--,--,89.5,10.5
Lake Illawarra,1430.0,--,--,--,93.8,6.2
Lakelands (NSW),1800.0,--,--,--,92.7,7.3
Lakemba,1495.0,--,--,--,89.3,10.7
Lalor Park,1863.0,--,--,--,87.6,12.4
Lambton,1733.0,--,--,--,94.1,5.9
Lane Cove,2600.0,--,--,--,89.6,10.4
Lane Cove North,2500.0,--,--,--,89.1,10.9
Lane Cove West,3467.0,--,--,--,85.9,14.1
Lansvale,1850.0,--,--,--,82.9,17.1
Lapstone,2167.0,--,--,--,93.6,6.4
Lavender Bay,3000.0,--,--,--,91.5,8.5
Leichhardt (NSW),2817.0,--,--,--,89.2,10.8
Leonay,2167.0,--,--,--,90.1,9.9
Lethbridge Park,1517.0,--,--,--,92.6,7.4
Lewisham (NSW),2600.0,--,--,--,92.3,7.7
Liberty Grove,2400.0,--,--,--,85.4,14.6
Lidcombe,2000.0,--,--,--,85.6,14.4
Lilli Pilli (Sutherland - NSW),3033.0,--,--,--,83.1,16.9
Lilyfield,3111.0,--,--,--,89.7,10.3
Lindfield,3000.0,--,--,--,89.4,10.6
Linley Point,5000.0,--,--,--,76.1,23.9
Lisarow,1842.0,--,--,--,87.1,12.9
Little Bay,2999.0,--,--,--,87.8,12.2
Liverpool,1600.0,--,--,--,90.0,10.0
Loftus,2492.0,--,--,--,85.9,14.1
Long Jetty,1740.0,--,--,--,92.4,7.6
Long Point (Campbelltown - NSW),1517.0,--,--,--,90.0,10.0
Longueville,3900.0,--,--,--,84.7,15.3
Lugarno,2500.0,--,--,--,87.9,12.1
Lurnea,1733.0,--,--,--,84.4,15.6
Macquarie Fields,1690.0,--,--,--,87.5,12.5
Macquarie Hills,1950.0,--,--,--,85.4,14.6
Macquarie Links,2734.0,--,--,--,80.2,19.8
Macquarie Park,2000.0,--,--,--,94.0,6.0
Malabar,2600.0,--,--,--,92.0,8.0
Mangerton,1840.0,--,--,--,91.1,8.9
Manly Vale,2383.0,--,--,--,86.8,13.2
Marayong,1950.0,--,--,--,88.7,11.3
Mardi,1997.0,--,--,--,87.7,12.3
Marks Point,1650.0,--,--,--,93.2,6.8
Marmong Point,1950.0,--,--,--,92.1,7.9
Maroubra,2600.0,--,--,--,91.1,8.9
Marrickville,2324.0,--,--,--,90.9,9.1
Marsfield,2300.0,--,--,--,89.9,10.1
Maryland (Newcastle - NSW),1796.0,--,--,--,88.0,12.0
Mascot,2600.0,--,--,--,85.0,15.0
Matraville,2600.0,--,--,--,88.8,11.2
Mayfield (Newcastle - NSW),1733.0,--,--,--,91.0,9.0
Mayfield East,1690.0,--,--,--,89.6,10.4
Mayfield West,1647.0,--,--,--,90.3,9.7
McMahons Point,3000.0,--,--,--,94.2,5.8
Melrose Park (NSW),2383.0,--,--,--,84.5,15.5
Menai,2350.0,--,--,--,85.6,14.4
Merewether,2167.0,--,--,--,92.7,7.3
Merewether Heights,2167.0,--,--,--,89.6,10.4
Merrylands,1998.0,--,--,--,87.4,12.6
Merrylands West,1900.0,--,--,--,87.6,12.4
Middle Cove,4000.0,--,--,--,86.4,13.6
Miller,1517.0,--,--,--,90.8,9.2
Millers Point,3600.0,--,--,--,92.3,7.7
Milperra,2200.0,--,--,--,84.4,15.6
Milsons Point,3000.0,--,--,--,91.7,8.3
Minchinbury,2167.0,--,--,--,81.3,18.7
Minmi,1500.0,--,--,--,89.7,10.3
Minto,1738.0,--,--,--,84.3,15.7
Miranda (NSW),2275.0,--,--,--,88.6,11.4
Mona Vale,2600.0,--,--,--,87.3,12.7
Monterey,2400.0,--,--,--,89.5,10.5
Moorebank,2300.0,--,--,--,81.5,18.5
Mortdale,2100.0,--,--,--,88.3,11.7
Mortlake (NSW),3033.0,--,--,--,88.0,12.0
Mosman,3033.0,--,--,--,88.8,11.2
Mount Annan,2200.0,--,--,--,79.3,20.7
Mount Colah,2492.0,--,--,--,85.7,14.3
Mount Druitt,1700.0,--,--,--,86.8,13.2
Mount Hutton (NSW),1840.0,--,--,--,89.6,10.4
Mount Keira,2167.0,--,--,--,91.7,8.3
Mount Kembla,2383.0,--,--,--,89.5,10.5
Mount Lewis,2500.0,--,--,--,88.2,11.8
Mount Ousley,2000.0,--,--,--,92.1,7.9
Mount Pleasant (NSW),2143.0,--,--,--,89.8,10.2
Mount Pritchard,1863.0,--,--,--,85.2,14.8
Mount Riverview,2058.0,--,--,--,88.7,11.3
Mount Saint Thomas,1975.0,--,--,--,89.9,10.1
Mount Warrigal,1863.0,--,--,--,89.4,10.6
Narara,1794.0,--,--,--,84.9,15.1
Narellan,2000.0,--,--,--,87.8,12.2
Naremburn,3000.0,--,--,--,88.3,11.7
Narraweena,2817.0,--,--,--,88.3,11.7
Narwee,2167.0,--,--,--,87.1,12.9
Neutral Bay,2557.0,--,--,--,92.8,7.2
New Lambton,1814.0,--,--,--,92.4,7.6
Newcastle,2249.0,--,--,--,92.9,7.1
Newcastle East,2375.0,--,--,--,96.4,3.6
Newcastle West,1950.0,--,--,--,94.0,6.0
Newington (NSW),2600.0,--,--,--,84.1,15.9
Newport (NSW),2850.0,--,--,--,86.6,13.4
Newtown (NSW),2600.0,--,--,--,93.0,7.0
Norah Head,2000.0,--,--,--,94.3,5.7
Noraville,1733.0,--,--,--,91.9,8.1
Normanhurst,2531.0,--,--,--,88.5,11.5
North Avoca,2297.0,--,--,--,85.2,14.8
North Balgowlah,3000.0,--,--,--,82.9,17.1
North Bondi,3250.0,--,--,--,88.6,11.4
North Curl Curl,2809.0,--,--,--,85.7,14.3
North Epping,2600.0,--,--,--,90.8,9.2
North Gosford,1717.0,--,--,--,91.6,8.4
North Lambton,1733.0,--,--,--,93.6,6.4
North Manly,3467.0,--,--,--,83.9,16.1
North Narrabeen,2934.0,--,--,--,82.6,17.4
North Parramatta,1961.0,--,--,--,89.8,10.2
North Rocks,2500.0,--,--,--,87.0,13.0
North St Marys,1746.0,--,--,--,90.2,9.8
North Strathfield,2400.0,--,--,--,87.8,12.2
North Sydney,2600.0,--,--,--,93.3,6.7
North Turramurra,2895.0,--,--,--,90.5,9.5
North Wahroonga,3360.0,--,--,--,86.9,13.1
North Willoughby,2900.0,--,--,--,89.0,11.0
North Wollongong,1970.0,--,--,--,94.6,5.4
Northbridge (NSW),3250.0,--,--,--,88.7,11.3
Northmead,2300.0,--,--,--,89.7,10.3
Northwood (NSW),4333.0,--,--,--,86.9,13.1
Oak Flats,1733.0,--,--,--,89.8,10.2
Oakhurst (NSW),2000.0,--,--,--,78.6,21.4
Oatlands (NSW),2500.0,--,--,--,86.8,13.2
Oatley,2500.0,--,--,--,90.7,9.3
Old Toongabbie,2000.0,--,--,--,86.7,13.3
Ourimbah,1950.0,--,--,--,86.8,13.2
Oxley Park,1800.0,--,--,--,86.9,13.1
Oyster Bay,2880.0,--,--,--,85.1,14.9
Paddington (NSW),3467.0,--,--,--,89.9,10.1
Padstow,2167.0,--,--,--,87.9,12.1
Padstow Heights,2207.0,--,--,--,86.6,13.4
Pagewood,3000.0,--,--,--,88.5,11.5
Palm Beach (NSW),3000.0,--,--,--,89.9,10.1
Panania,2200.0,--,--,--,88.4,11.6
Parramatta,1950.0,--,--,--,90.7,9.3
Peakhurst,2383.0,--,--,--,88.3,11.7
Peakhurst Heights,2383.0,--,--,--,89.2,10.8
Pearl Beach,2925.0,--,--,--,96.0,4.0
Pelican (NSW),2000.0,--,--,--,92.2,7.8
Pendle Hill,2020.0,--,--,--,89.3,10.7
Pennant Hills,2400.0,--,--,--,90.0,10.0
Penrose (Wollongong - NSW),1650.0,--,--,--,88.2,11.8
Petersham,2600.0,--,--,--,91.6,8.4
Phillip Bay,2167.0,--,--,--,88.6,11.4
Picnic Point,2232.0,--,--,--,88.0,12.0
Plumpton (NSW),2100.0,--,--,--,79.6,20.4
Point Clare,2000.0,--,--,--,89.7,10.3
Point Frederick,1926.0,--,--,--,93.8,6.2
Point Piper,4067.0,--,--,--,90.3,9.7
Port Kembla,1733.0,--,--,--,93.2,6.8
Potts Point,2167.0,--,--,--,93.1,6.9
Prairiewood,2167.0,--,--,--,89.2,10.8
Prestons,2401.0,--,--,--,72.1,27.9
Primbee,1733.0,--,--,--,93.3,6.7
Prospect (NSW),2082.0,--,--,--,85.5,14.5
Punchbowl (Canterbury - NSW),1950.0,--,--,--,83.7,16.3
Putney,3000.0,--,--,--,86.9,13.1
Pymble,3215.0,--,--,--,86.9,13.1
Pyrmont,2704.0,--,--,--,92.2,7.8
Quakers Hill,2167.0,--,--,--,83.6,16.4
Queens Park (NSW),3000.0,--,--,--,85.8,14.2
Raby,1900.0,--,--,--,84.6,15.4
Ramsgate,2349.0,--,--,--,86.6,13.4
Ramsgate Beach,1900.0,--,--,--,93.7,6.3
Randwick,2600.0,--,--,--,91.3,8.7
Rankin Park,1800.0,--,--,--,92.3,7.7
Redfern,2522.0,--,--,--,92.4,7.6
Redhead,2080.0,--,--,--,93.5,6.5
Regents Park (NSW),1732.0,--,--,--,88.6,11.4
Regentville,2000.0,--,--,--,89.0,11.0
Revesby,2167.0,--,--,--,87.5,12.5
Revesby Heights,2292.0,--,--,--,86.1,13.9
Riverview (Lane Cove - NSW),3792.0,--,--,--,85.0,15.0
Riverwood,2000.0,--,--,--,89.4,10.6
Rockdale,2100.0,--,--,--,87.4,12.6
Rocky Point (NSW),1517.0,--,--,--,79.8,20.2
Rooty Hill,2024.0,--,--,--,84.6,15.4
Rose Bay (NSW),2877.0,--,--,--,91.4,8.6
Rosebery (NSW),2300.0,--,--,--,87.8,12.2
Rosemeadow,1733.0,--,--,--,84.9,15.1
Roseville,3033.0,--,--,--,87.5,12.5
Roseville Chase,3467.0,--,--,--,83.7,16.3
Rouse Hill,2795.0,--,--,--,79.1,20.9
Rozelle,3033.0,--,--,--,89.0,11.0
Ruse,1862.0,--,--,--,87.7,12.3
Rushcutters Bay,2050.0,--,--,--,93.9,6.1
Russell Lea,3000.0,--,--,--,89.1,10.9
Russell Vale,2167.0,--,--,--,87.2,12.8
Rydalmere,2275.0,--,--,--,84.2,15.8
Ryde,2300.0,--,--,--,88.8,11.2
Sadleir,1650.0,--,--,--,89.0,11.0
San Remo (NSW),1560.0,--,--,--,88.3,11.7
Sandringham (NSW),2800.0,--,--,--,88.3,11.7
Sans Souci,2400.0,--,--,--,88.4,11.6
Saratoga,2020.0,--,--,--,86.6,13.4
Scarborough (NSW),2200.0,--,--,--,86.7,13.3
Schofields,2159.0,--,--,--,88.8,11.2
Scotland Island,2817.0,--,--,--,81.7,18.3
Seaforth (NSW),3500.0,--,--,--,84.2,15.8
Sefton,1842.0,--,--,--,87.2,12.8
Seven Hills (NSW),2000.0,--,--,--,88.6,11.4
Shalvey,1638.0,--,--,--,90.5,9.5
Shell Cove,2253.0,--,--,--,83.9,16.1
Shellharbour,1800.0,--,--,--,91.5,8.5
Shelly Beach (NSW),2000.0,--,--,--,90.6,9.4
Shortland,1582.0,--,--,--,91.3,8.7
Silverwater (Lake Macquarie - NSW),1500.0,--,--,--,86.2,13.8
South Coogee,3100.0,--,--,--,92.7,7.3
South Granville,1850.0,--,--,--,88.1,11.9
South Hurstville,2167.0,--,--,--,85.9,14.1
South Turramurra,2838.0,--,--,--,86.7,13.3
South Wentworthville,2156.0,--,--,--,86.4,13.6
Speers Point,1733.0,--,--,--,93.1,6.9
Springfield (Gosford - NSW),1842.0,--,--,--,86.9,13.1
Springwood (NSW),1950.0,--,--,--,91.2,8.8
St Andrews (NSW),1800.0,--,--,--,85.0,15.0
St Clair (Penrith - NSW),2000.0,--,--,--,83.2,16.8
St Helens Park,1842.0,--,--,--,83.3,16.7
St Huberts Island,2167.0,--,--,--,91.0,9.0
St Ives (NSW),3033.0,--,--,--,86.3,13.7
St Ives Chase,3000.0,--,--,--,87.5,12.5
St Johns Park,2000.0,--,--,--,88.0,12.0
St Leonards (NSW),2500.0,--,--,--,91.8,8.2
St Marys (NSW),1733.0,--,--,--,90.5,9.5
St Peters (NSW),2708.0,--,--,--,86.0,14.0
Stanhope Gardens,2817.0,--,--,--,77.7,22.3
Stanmore (NSW),2600.0,--,--,--,90.3,9.7
Stockton (NSW),1733.0,--,--,--,94.9,5.1
Strathfield (NSW),2500.0,--,--,--,89.7,10.3
Strathfield South,2200.0,--,--,--,86.5,13.5
Summer Hill (Ashfield - NSW),2100.0,--,--,--,92.6,7.4
Surry Hills,2500.0,--,--,--,92.3,7.7
Sutherland (NSW),2132.0,--,--,--,88.2,11.8
Swansea (NSW),1733.0,--,--,--,94.2,5.8
Sydney,2500.0,--,--,--,91.2,8.8
Tacoma South,2300.0,--,--,--,83.3,16.7
Tamarama,3500.0,--,--,--,91.8,8.2
Taren Point,2255.0,--,--,--,92.4,7.6
Tarrawanna,1733.0,--,--,--,92.5,7.5
Tascott,1889.0,--,--,--,88.4,11.6
Terrey Hills,2809.0,--,--,--,85.5,14.5
Terrigal,2167.0,--,--,--,90.4,9.6
The Entrance,1673.0,--,--,--,97.1,2.9
The Hill,1993.0,--,--,--,94.7,5.3
The Junction,1733.0,--,--,--,95.3,4.7
Thirroul,2167.0,--,--,--,90.7,9.3
Thornleigh,2600.0,--,--,--,88.2,11.8
Tighes Hill,1700.0,--,--,--,90.6,9.4
Tingira Heights,1820.0,--,--,--,83.7,16.3
Toongabbie (NSW),2013.0,--,--,--,87.4,12.6
Toowoon Bay,2084.0,--,--,--,97.2,2.8
Toronto,1668.0,--,--,--,94.0,6.0
Toukley,1554.0,--,--,--,94.5,5.5
Towradgi,2000.0,--,--,--,91.6,8.4
Tregear,1408.0,--,--,--,93.9,6.1
Tuggerah,1580.0,--,--,--,87.1,12.9
Tumbi Umbi,1900.0,--,--,--,88.1,11.9
Turrella,2383.0,--,--,--,81.2,18.8
Ultimo,2280.0,--,--,--,93.2,6.8
Umina Beach,1841.0,--,--,--,91.0,9.0
Unanderra,1794.0,--,--,--,92.4,7.6
Valentine (NSW),2100.0,--,--,--,91.9,8.1
Valley Heights,2000.0,--,--,--,89.9,10.1
Vaucluse,3250.0,--,--,--,88.1,11.9
Villawood,1733.0,--,--,--,90.7,9.3
Voyager Point,2550.0,--,--,--,83.2,16.8
Waitara,2167.0,--,--,--,89.8,10.2
Wakeley,1990.0,--,--,--,83.1,16.9
Wallsend,1665.0,--,--,--,92.8,7.2
Wamberal,2167.0,--,--,--,87.4,12.6
Warabrook,1703.0,--,--,--,93.4,6.6
Waratah (NSW),1768.0,--,--,--,93.3,6.7
Waratah West,1700.0,--,--,--,94.5,5.5
Wareemba,2903.0,--,--,--,92.3,7.7
Warilla,1625.0,--,--,--,93.5,6.5
Warners Bay,1780.0,--,--,--,93.4,6.6
Warrawee,3200.0,--,--,--,86.4,13.6
Warrawong,1517.0,--,--,--,95.5,4.5
Warriewood,3000.0,--,--,--,81.6,18.4
Warwick Farm,1387.0,--,--,--,92.5,7.5
Watanobbi,1677.0,--,--,--,89.4,10.6
Waterloo (NSW),2500.0,--,--,--,93.7,6.3
Watsons Bay,3100.0,--,--,--,90.5,9.5
Wattle Grove (NSW),2200.0,--,--,--,86.9,13.1
Waverley (NSW),3000.0,--,--,--,90.0,10.0
Waverton,2500.0,--,--,--,94.9,5.1
Wentworthville,2037.0,--,--,--,89.7,10.3
Werrington,1610.0,--,--,--,89.2,10.8
Werrington County,1810.0,--,--,--,86.6,13.4
Werrington Downs,1907.0,--,--,--,84.0,16.0
West Gosford,1400.0,--,--,--,94.5,5.5
West Hoxton,2500.0,--,--,--,71.7,28.3
West Pymble,3000.0,--,--,--,86.6,13.4
West Ryde,2167.0,--,--,--,90.5,9.5
West Wallsend,1517.0,--,--,--,88.0,12.0
West Wollongong,1928.0,--,--,--,92.9,7.1
Westleigh,2584.0,--,--,--,89.8,10.2
Westmead,2000.0,--,--,--,92.5,7.5
Wetherill Park,1842.0,--,--,--,87.3,12.7
Whalan,1517.0,--,--,--,92.3,7.7
Whitebridge,1846.0,--,--,--,91.0,9.0
Wickham (NSW),1733.0,--,--,--,92.4,7.6
Wiley Park,1600.0,--,--,--,87.8,12.2
Willmot,1400.0,--,--,--,93.2,6.8
Windale,1300.0,--,--,--,96.6,3.4
Windang,1842.0,--,--,--,94.8,5.2
Winmalee,2000.0,--,--,--,90.1,9.9
Wollongong,1800.0,--,--,--,94.6,5.4
Wombarra,2200.0,--,--,--,86.1,13.9
Woodcroft (NSW),2300.0,--,--,--,81.0,19.0
Woodpark,2167.0,--,--,--,78.4,21.6
Woodrising,1473.0,--,--,--,83.6,16.4
Woollahra,3033.0,--,--,--,90.5,9.5
Woolloomooloo,2325.0,--,--,--,94.4,5.6
Woolooware,2400.0,--,--,--,86.9,13.1
Woolwich,3600.0,--,--,--,91.2,8.8
Woronora,2600.0,--,--,--,83.3,16.7
Woronora Heights,2167.0,--,--,--,86.7,13.3
Woy Woy Bay,2299.0,--,--,--,95.0,5.0
Wyoming,1759.0,--,--,--,89.6,10.4
Wyong,1649.0,--,--,--,93.9,6.1
Yagoona,1950.0,--,--,--,84.6,15.4
Yowie Bay,2539.0,--,--,--,87.9,12.1
Zetland,2557.0,--,--,--,85.0,15.0
