,Families without children,Families with children,Families without children (%),Families with children (%)
Abbotsbury,2095.0,2477.0,--,--
New South Wales,2120.0,2370.0,--,--
Australia,2081.0,2310.0,--,--
Abbotsford (NSW),2985.0,3178.0,--,--
Acacia Gardens,2374.0,2544.0,--,--
Adamstown,2116.0,2430.0,--,--
Adamstown Heights,2447.0,2611.0,--,--
Airds,2107.0,1928.0,--,--
Albion Park,1979.0,2157.0,--,--
Albion Park Rail,1696.0,2044.0,--,--
Alexandria,2821.0,3154.0,--,--
Alfords Point,2115.0,3058.0,--,--
Allambie Heights,2484.0,2897.0,--,--
Allawah,1894.0,2156.0,--,--
Ambarvale,1854.0,2192.0,--,--
Annandale (NSW),3095.0,3422.0,--,--
Argenton,1522.0,1765.0,--,--
Arncliffe,2209.0,2250.0,--,--
Artarmon,2846.0,3123.0,--,--
Ashbury,2650.0,2745.0,--,--
Ashcroft,1533.0,1896.0,--,--
Ashfield (NSW),2077.0,2446.0,--,--
Asquith,2206.0,2726.0,--,--
Auburn (NSW),1463.0,1808.0,--,--
Austinmer,2607.0,2775.0,--,--
Avoca Beach,2214.0,2456.0,--,--
Balgowlah,2686.0,3122.0,--,--
Balgowlah Heights,3196.0,3526.0,--,--
Balgownie,2448.0,2482.0,--,--
Balmain,3440.0,3603.0,--,--
Balmain East,3216.0,3562.0,--,--
Bangor (NSW),2486.0,2904.0,--,--
Banksia,2135.0,2230.0,--,--
Bankstown,1721.0,1895.0,--,--
Bar Beach,1949.0,4423.0,--,--
Barden Ridge,2440.0,2853.0,--,--
Bardwell Park,2380.0,2446.0,--,--
Bardwell Valley,2416.0,2306.0,--,--
Barnsley,1625.0,1926.0,--,--
Barrack Heights,1912.0,2141.0,--,--
Barrack Point,1583.0,2536.0,--,--
Bass Hill,1855.0,2184.0,--,--
Bateau Bay,1947.0,2099.0,--,--
Baulkham Hills,2467.0,2730.0,--,--
Bayview (NSW),2456.0,3261.0,--,--
Beacon Hill,2328.0,2740.0,--,--
Beaconsfield (NSW),2863.0,2805.0,--,--
Beecroft,3077.0,3360.0,--,--
Belfield,1947.0,2266.0,--,--
Bella Vista,2664.0,3238.0,--,--
Bellambi,1826.0,2054.0,--,--
Bellevue Hill,3203.0,3413.0,--,--
Belmont (NSW),2099.0,2452.0,--,--
Belmont North,1848.0,2206.0,--,--
Belmont South,1791.0,1980.0,--,--
Belmore,1634.0,2004.0,--,--
Belrose,2619.0,3047.0,--,--
Bensville,1922.0,2299.0,--,--
Berala,1651.0,2038.0,--,--
Berkeley,1937.0,2014.0,--,--
Berkeley Vale,1837.0,2005.0,--,--
Berowra,2518.0,2840.0,--,--
Berowra Heights,2358.0,2597.0,--,--
Beverley Park,2175.0,2509.0,--,--
Beverly Hills,2208.0,2284.0,--,--
Bexley,2110.0,2322.0,--,--
Bexley North,2107.0,2391.0,--,--
Bidwill (NSW),1525.0,1939.0,--,--
Birchgrove,3424.0,3689.0,--,--
Birmingham Gardens,1611.0,2125.0,--,--
Birrong,1874.0,2441.0,--,--
Blackalls Park,1711.0,2116.0,--,--
Blackbutt (NSW),2116.0,2425.0,--,--
Blackett,1558.0,1801.0,--,--
Blacksmiths,2208.0,2111.0,--,--
Blacktown,1816.0,2064.0,--,--
Blackwall (NSW),1535.0,2047.0,--,--
Blairmount,2062.0,2036.0,--,--
Blakehurst,2462.0,2953.0,--,--
Blaxland (NSW),2300.0,2601.0,--,--
Blue Bay,1949.0,1625.0,--,--
Blue Haven,1842.0,1882.0,--,--
Bolton Point,1905.0,2323.0,--,--
Bondi,2665.0,2933.0,--,--
Bondi Beach,2874.0,3066.0,--,--
Bondi Junction,2810.0,3146.0,--,--
Bonnet Bay,2750.0,3187.0,--,--
Bonnyrigg,1803.0,1945.0,--,--
Bonnyrigg Heights,1700.0,2184.0,--,--
Booker Bay,1625.0,2392.0,--,--
Boolaroo,1824.0,2027.0,--,--
Booragul,2027.0,2104.0,--,--
Bossley Park,1895.0,2223.0,--,--
Botany,2367.0,2556.0,--,--
Bow Bowing,1845.0,2268.0,--,--
Bradbury (NSW),1973.0,2146.0,--,--
Broadmeadow,2114.0,2012.0,--,--
Bronte,2895.0,3353.0,--,--
Brookvale,2238.0,2418.0,--,--
Budgewoi,1515.0,2110.0,--,--
Buff Point,1947.0,2014.0,--,--
Bulli,2380.0,2644.0,--,--
Burwood (NSW),1862.0,2396.0,--,--
Burwood Heights,2333.0,2874.0,--,--
Busby,1650.0,1860.0,--,--
Cabarita (NSW),3237.0,3102.0,--,--
Cabramatta,1354.0,1571.0,--,--
Cabramatta West,1625.0,1827.0,--,--
Cambridge Gardens,2008.0,2128.0,--,--
Cambridge Park,1917.0,2136.0,--,--
Camden,1965.0,2360.0,--,--
Camden South,2208.0,2386.0,--,--
Cammeray,3203.0,3433.0,--,--
Campbelltown (NSW),1904.0,2098.0,--,--
Camperdown (NSW),3002.0,3119.0,--,--
Campsie,1530.0,1769.0,--,--
Canada Bay,2463.0,2805.0,--,--
Canley Heights,1593.0,1755.0,--,--
Canley Vale,1536.0,1788.0,--,--
Canterbury (NSW),1894.0,2273.0,--,--
Canton Beach,2020.0,1428.0,--,--
Cardiff (NSW),1954.0,2160.0,--,--
Cardiff Heights,2339.0,2696.0,--,--
Cardiff South,1847.0,2189.0,--,--
Caringbah,2301.0,2491.0,--,--
Carlingford,2349.0,2605.0,--,--
Carlton (NSW),2022.0,2274.0,--,--
Carramar (NSW),1711.0,1774.0,--,--
Carrington (Newcastle - NSW),2317.0,2173.0,--,--
Carss Park,3214.0,3043.0,--,--
Cartwright,1583.0,1772.0,--,--
Castle Cove,3049.0,3534.0,--,--
Castle Hill (NSW),2548.0,3100.0,--,--
Castlecrag,3192.0,3613.0,--,--
Casula,2090.0,2246.0,--,--
Caves Beach,1981.0,2466.0,--,--
Cecil Hills,2174.0,2403.0,--,--
Centennial Park (NSW),2650.0,3528.0,--,--
Charlestown (NSW),2172.0,2388.0,--,--
Charmhaven,1721.0,1956.0,--,--
Chatswood,2571.0,3029.0,--,--
Chatswood West,3444.0,3265.0,--,--
Cheltenham (NSW),3073.0,3843.0,--,--
Cherrybrook,2676.0,3098.0,--,--
Chester Hill,1901.0,2107.0,--,--
Chifley (NSW),2218.0,2603.0,--,--
Chippendale,2370.0,3078.0,--,--
Chipping Norton,2185.0,2432.0,--,--
Chiswick,3031.0,3220.0,--,--
Chittaway Bay,1806.0,2008.0,--,--
Chittaway Point,1524.0,2214.0,--,--
Church Point,2799.0,3457.0,--,--
Claremont Meadows,2064.0,2279.0,--,--
Claymore,1833.0,1478.0,--,--
Clontarf (NSW),3050.0,3520.0,--,--
Clovelly,3203.0,3505.0,--,--
Coal Point,2343.0,2983.0,--,--
Coledale,2957.0,2538.0,--,--
Collaroy (NSW),2362.0,2803.0,--,--
Colyton,1872.0,2033.0,--,--
Como (NSW),2736.0,3100.0,--,--
Concord,2352.0,2958.0,--,--
Concord West,2318.0,2888.0,--,--
Condell Park,1922.0,2040.0,--,--
Coniston,1839.0,2462.0,--,--
Connells Point,2865.0,3076.0,--,--
Coogee (NSW),2927.0,3254.0,--,--
Cooks Hill,2431.0,3098.0,--,--
Copacabana,2287.0,2272.0,--,--
Cordeaux Heights,2357.0,2659.0,--,--
Corrimal,2090.0,2225.0,--,--
Cranebrook,2060.0,2250.0,--,--
Cremorne (NSW),3224.0,3407.0,--,--
Cremorne Point,3333.0,3525.0,--,--
Cringila,1333.0,1718.0,--,--
Cromer (NSW),2355.0,2603.0,--,--
Cronulla,2386.0,2756.0,--,--
Croudace Bay,2150.0,2666.0,--,--
Crows Nest (NSW),3129.0,3312.0,--,--
Croydon (NSW),2448.0,2762.0,--,--
Croydon Park (NSW),2224.0,2408.0,--,--
Curl Curl,3071.0,3168.0,--,--
Currans Hill,2128.0,2193.0,--,--
Daceyville,1424.0,3250.0,--,--
Daleys Point,1700.0,2531.0,--,--
Dapto,1819.0,2042.0,--,--
Darling Point,3466.0,3783.0,--,--
Darlinghurst,3062.0,3374.0,--,--
Darlington (Sydney - NSW),3030.0,3272.0,--,--
Davidson,2597.0,3205.0,--,--
Davistown,1723.0,2146.0,--,--
Dawes Point,4071.0,3937.0,--,--
Dean Park,1937.0,2111.0,--,--
Dee Why,2178.0,2291.0,--,--
Denistone,2374.0,3008.0,--,--
Denistone East,3154.0,2870.0,--,--
Denistone West,2694.0,3083.0,--,--
Dharruk,1791.0,2198.0,--,--
Dolans Bay,2250.0,3416.0,--,--
Dolls Point,2384.0,2143.0,--,--
Doonside,1831.0,2089.0,--,--
Double Bay,3261.0,3409.0,--,--
Dover Heights,3018.0,3329.0,--,--
Drummoyne,3034.0,3349.0,--,--
Dudley,2727.0,2770.0,--,--
Dulwich Hill,2407.0,2778.0,--,--
Dundas (NSW),2280.0,2395.0,--,--
Dundas Valley,2185.0,2481.0,--,--
Dural (Hornsby - NSW),2532.0,3033.0,--,--
Eagle Vale,1916.0,2144.0,--,--
Earlwood,2203.0,2488.0,--,--
East Gosford,1982.0,2141.0,--,--
East Hills,2312.0,2511.0,--,--
East Killara,3200.0,3166.0,--,--
East Lindfield,3083.0,3548.0,--,--
East Ryde,2542.0,3116.0,--,--
Eastern Creek,1571.0,1980.0,--,--
Eastlakes,1784.0,1926.0,--,--
Eastwood (NSW),2178.0,2822.0,--,--
Edensor Park,1945.0,2274.0,--,--
Edgecliff,3129.0,3345.0,--,--
Edgeworth,1837.0,1911.0,--,--
Elanora Heights,2419.0,2861.0,--,--
Elderslie (Camden - NSW),2288.0,2463.0,--,--
Eleebana,2446.0,2774.0,--,--
Elermore Vale,2043.0,2419.0,--,--
Elizabeth Bay,3054.0,3175.0,--,--
Emerton,1375.0,2083.0,--,--
Empire Bay,1812.0,2257.0,--,--
Emu Heights (NSW),2274.0,2417.0,--,--
Emu Plains,2290.0,2423.0,--,--
Enfield (NSW),1926.0,2259.0,--,--
Engadine,2267.0,2416.0,--,--
Enmore (Marrickville - NSW),2485.0,3062.0,--,--
Epping (NSW),2428.0,3049.0,--,--
Erina,1856.0,2333.0,--,--
Ermington,2217.0,2361.0,--,--
Erskine Park,2027.0,2406.0,--,--
Erskineville,3058.0,3141.0,--,--
Eschol Park,2037.0,2274.0,--,--
Ettalong Beach,1652.0,1905.0,--,--
Fairfield (NSW),1643.0,1900.0,--,--
Fairfield East,1458.0,1837.0,--,--
Fairfield Heights,1868.0,2017.0,--,--
Fairfield West,1651.0,2021.0,--,--
Fairlight,2966.0,3311.0,--,--
Fairy Meadow,2087.0,2225.0,--,--
Farmborough Heights,2446.0,2334.0,--,--
Faulconbridge,2250.0,2393.0,--,--
Fennell Bay,1847.0,2374.0,--,--
Figtree,2320.0,2544.0,--,--
Five Dock,2794.0,2941.0,--,--
Fletcher (NSW),2264.0,2549.0,--,--
Flinders (NSW),2237.0,2265.0,--,--
Floraville,2600.0,2617.0,--,--
Forest Lodge,3176.0,3566.0,--,--
Forestville (NSW),2450.0,2935.0,--,--
Forresters Beach,2007.0,2364.0,--,--
Frenchs Forest,2625.0,2997.0,--,--
Garden Suburb,2355.0,2779.0,--,--
Gateshead,1455.0,1804.0,--,--
Georges Hall,2024.0,2303.0,--,--
Georgetown (NSW),1965.0,2291.0,--,--
Girraween (NSW),1863.0,2307.0,--,--
Gladesville,2577.0,3086.0,--,--
Glebe (NSW),2949.0,3531.0,--,--
Glen Alpine,2371.0,2868.0,--,--
Glenbrook,2457.0,2877.0,--,--
Glendale (NSW),2029.0,2029.0,--,--
Glendenning,1972.0,2062.0,--,--
Glenfield (NSW),2106.0,2253.0,--,--
Glenhaven,2595.0,3154.0,--,--
Glenmore Park,2241.0,2474.0,--,--
Glenning Valley,2215.0,2355.0,--,--
Glenwood (NSW),2419.0,2567.0,--,--
Gordon (NSW),2810.0,3397.0,--,--
Gorokan,1568.0,1816.0,--,--
Gosford,1817.0,1874.0,--,--
Granville (NSW),1711.0,1989.0,--,--
Grays Point,2799.0,3004.0,--,--
Green Point (Great Lakes - NSW),1468.0,1700.0,--,--
Green Valley (NSW),1823.0,2088.0,--,--
Greenacre,1882.0,2030.0,--,--
Greenfield Park,1826.0,2299.0,--,--
Greenwich,2756.0,3678.0,--,--
Greystanes,2043.0,2315.0,--,--
Guildford (NSW),1853.0,2050.0,--,--
Guildford West,2137.0,2203.0,--,--
Gwynneville,2029.0,2416.0,--,--
Gymea,2294.0,2696.0,--,--
Gymea Bay,2613.0,2980.0,--,--
Haberfield,2357.0,3197.0,--,--
Halekulani,1684.0,1966.0,--,--
Hamilton (NSW),2414.0,2656.0,--,--
Hamilton East,2291.0,3076.0,--,--
Hamilton North,2352.0,2416.0,--,--
Hamilton South,2486.0,2991.0,--,--
Hammondville,2134.0,2191.0,--,--
Harrington Park,2342.0,2570.0,--,--
Harris Park,1488.0,1661.0,--,--
Hassall Grove,1934.0,2076.0,--,--
Haymarket,1435.0,1805.0,--,--
Heathcote (NSW),2127.0,2549.0,--,--
Hebersham,1689.0,1979.0,--,--
Heckenberg,1646.0,1978.0,--,--
Henley,2542.0,3666.0,--,--
Highfields (NSW),2700.0,2454.0,--,--
Hillsborough (Lake Macquarie - NSW),1600.0,2236.0,--,--
Hillsdale,1723.0,1856.0,--,--
Hinchinbrook (NSW),1972.0,2127.0,--,--
Holmesville,1767.0,1941.0,--,--
Holsworthy,2313.0,2342.0,--,--
Homebush (NSW),2157.0,2223.0,--,--
Homebush West,2039.0,1995.0,--,--
Horningsea Park,2076.0,2298.0,--,--
Hornsby,2286.0,2465.0,--,--
Hornsby Heights,2612.0,2771.0,--,--
Horsley,2026.0,2254.0,--,--
Hoxton Park,2064.0,2086.0,--,--
Hunters Hill,3007.0,3544.0,--,--
Huntleys Point,2750.0,4333.0,--,--
Hurlstone Park,2370.0,2839.0,--,--
Hurstville,1769.0,2070.0,--,--
Hurstville Grove,2553.0,2919.0,--,--
Illawong,2534.0,3061.0,--,--
Ingleburn,1927.0,2214.0,--,--
Ingleside,2062.0,2678.0,--,--
Islington,2066.0,2196.0,--,--
Jamisontown,1957.0,2277.0,--,--
Jannali,2304.0,2585.0,--,--
Jesmond,1676.0,1926.0,--,--
Jewells,2148.0,2309.0,--,--
Kahibah,2343.0,2250.0,--,--
Kanahooka,2149.0,2255.0,--,--
Kangaroo Point (NSW),3150.0,3392.0,--,--
Kanwal,1750.0,2015.0,--,--
Kareela,2439.0,2942.0,--,--
Kariong,1993.0,2163.0,--,--
Kearns,2053.0,2367.0,--,--
Keiraville,2380.0,2552.0,--,--
Kellyville,2399.0,2917.0,--,--
Kembla Grange,2083.0,2750.0,--,--
Kensington (NSW),2335.0,3173.0,--,--
Kilaben Bay,2355.0,2774.0,--,--
Killara (NSW),3173.0,3605.0,--,--
Killarney Heights,2687.0,3145.0,--,--
Killarney Vale,1683.0,1889.0,--,--
Kincumber,1918.0,2144.0,--,--
Kincumber South,1291.0,2583.0,--,--
Kings Langley,2365.0,2655.0,--,--
Kings Park (NSW),2127.0,2174.0,--,--
Kingsford (NSW),2236.0,2854.0,--,--
Kingsgrove,2215.0,2322.0,--,--
Kingswood (Tamworth - NSW),1821.0,2389.0,--,--
Kirrawee,2256.0,2495.0,--,--
Kirribilli,3437.0,3625.0,--,--
Kogarah,1835.0,2182.0,--,--
Kogarah Bay,2062.0,2646.0,--,--
Koolewong,2187.0,2374.0,--,--
Koonawarra,1596.0,1700.0,--,--
Kotara,2158.0,2393.0,--,--
Kotara South,2200.0,2524.0,--,--
Kurnell,2214.0,2238.0,--,--
Kyeemagh,2218.0,2687.0,--,--
Kyle Bay,1916.0,3113.0,--,--
La Perouse,2083.0,2250.0,--,--
Lake Haven,1797.0,1884.0,--,--
Lake Heights,1849.0,1927.0,--,--
Lake Illawarra,1720.0,1738.0,--,--
Lakelands (NSW),2594.0,2637.0,--,--
Lakemba,1311.0,1629.0,--,--
Lalor Park,1859.0,2082.0,--,--
Lambton,2089.0,2467.0,--,--
Lane Cove,3002.0,3227.0,--,--
Lane Cove North,2645.0,3141.0,--,--
Lane Cove West,3045.0,3466.0,--,--
Lansvale,1874.0,1984.0,--,--
Lapstone,2478.0,2474.0,--,--
Lavender Bay,2928.0,3449.0,--,--
Leichhardt (NSW),3023.0,3143.0,--,--
Leonay,2184.0,2912.0,--,--
Lethbridge Park,1513.0,1770.0,--,--
Leumeah,1926.0,2188.0,--,--
Lewisham (NSW),2684.0,3281.0,--,--
Liberty Grove,2562.0,2807.0,--,--
Lidcombe,1797.0,2147.0,--,--
Lilli Pilli (Sutherland - NSW),2874.0,3250.0,--,--
Lilyfield,3339.0,3425.0,--,--
Lindfield,2910.0,3480.0,--,--
Linley Point,3281.0,4291.0,--,--
Lisarow,2153.0,2309.0,--,--
Little Bay,2529.0,2927.0,--,--
Liverpool,1814.0,1849.0,--,--
Loftus,2325.0,2650.0,--,--
Long Jetty,1835.0,2012.0,--,--
Long Point (Campbelltown - NSW),900.0,2833.0,--,--
Longueville,3583.0,4080.0,--,--
Lugarno,2488.0,2805.0,--,--
Lurnea,1689.0,2003.0,--,--
Macquarie Fields,1845.0,1935.0,--,--
Macquarie Hills,2149.0,2321.0,--,--
Macquarie Links,3166.0,3100.0,--,--
Macquarie Park,2391.0,2359.0,--,--
Malabar,2277.0,3218.0,--,--
Mangerton,2106.0,2845.0,--,--
Manly (NSW),3053.0,3346.0,--,--
Manly Vale,2259.0,2719.0,--,--
Marayong,1898.0,2180.0,--,--
Mardi,2010.0,2268.0,--,--
Marks Point,1968.0,1924.0,--,--
Marmong Point,2083.0,2154.0,--,--
Maroubra,2442.0,2946.0,--,--
Marrickville,2386.0,2603.0,--,--
Marsfield,2343.0,2577.0,--,--
Maryland (Newcastle - NSW),2010.0,2189.0,--,--
Maryville,2347.0,2323.0,--,--
Mascot,2322.0,2463.0,--,--
Matraville,2142.0,2592.0,--,--
Mayfield (Newcastle - NSW),1980.0,1975.0,--,--
Mayfield East,2284.0,2054.0,--,--
Mayfield West,2312.0,1939.0,--,--
Mays Hill,2062.0,1812.0,--,--
McMahons Point,3397.0,3937.0,--,--
Meadowbank (NSW),2222.0,2162.0,--,--
Melrose Park (NSW),2750.0,2712.0,--,--
Menai,2349.0,2753.0,--,--
Merewether,2394.0,3021.0,--,--
Merewether Heights,2531.0,2856.0,--,--
Merrylands,1905.0,2047.0,--,--
Merrylands West,2007.0,2209.0,--,--
Middle Cove,3399.0,3525.0,--,--
Miller,1424.0,1859.0,--,--
Millers Point,3652.0,4062.0,--,--
Milperra,2131.0,2514.0,--,--
Milsons Point,3435.0,3833.0,--,--
Minchinbury,2006.0,2341.0,--,--
Minmi,2083.0,2181.0,--,--
Minto,1866.0,1968.0,--,--
Miranda (NSW),2224.0,2376.0,--,--
Mona Vale,2247.0,2828.0,--,--
Monterey,2086.0,2517.0,--,--
Moorebank,2136.0,2251.0,--,--
Mortdale,2236.0,2406.0,--,--
Mortlake (NSW),3299.0,2805.0,--,--
Mosman,3168.0,3671.0,--,--
Mount Annan,2320.0,2433.0,--,--
Mount Colah,2506.0,2754.0,--,--
Mount Druitt,1726.0,1972.0,--,--
Mount Hutton (NSW),1959.0,2181.0,--,--
Mount Keira,2607.0,2734.0,--,--
Mount Kembla,2222.0,3076.0,--,--
Mount Lewis,2083.0,2222.0,--,--
Mount Ousley,2312.0,2404.0,--,--
Mount Pleasant (NSW),2374.0,3089.0,--,--
Mount Pritchard,1689.0,2011.0,--,--
Mount Riverview,2294.0,2661.0,--,--
Mount Saint Thomas,2203.0,2290.0,--,--
Mount Warrigal,1812.0,2047.0,--,--
Narara,1887.0,2120.0,--,--
Narellan,2150.0,2094.0,--,--
Narellan Vale,2168.0,2309.0,--,--
Naremburn,3357.0,3425.0,--,--
Narrabeen,2282.0,2460.0,--,--
Narraweena,2177.0,2467.0,--,--
Narwee,1981.0,2140.0,--,--
Neutral Bay,3116.0,3371.0,--,--
New Lambton,2233.0,2449.0,--,--
New Lambton Heights,2874.0,3035.0,--,--
Newcastle,2602.0,3019.0,--,--
Newcastle East,2549.0,2899.0,--,--
Newcastle West,2281.0,1833.0,--,--
Newington (NSW),2862.0,2777.0,--,--
Newport (NSW),2375.0,2863.0,--,--
Newtown (NSW),2756.0,3143.0,--,--
Niagara Park,1812.0,2053.0,--,--
Norah Head,1468.0,2399.0,--,--
Noraville,1841.0,1968.0,--,--
Normanhurst,2639.0,3032.0,--,--
North Avoca,2769.0,2440.0,--,--
North Balgowlah,2521.0,3129.0,--,--
North Bondi,2894.0,3184.0,--,--
North Curl Curl,2463.0,3109.0,--,--
North Epping,2865.0,3247.0,--,--
North Gosford,1903.0,1983.0,--,--
North Lambton,1928.0,2242.0,--,--
North Manly,2366.0,3045.0,--,--
North Narrabeen,2120.0,2548.0,--,--
North Parramatta,2250.0,2323.0,--,--
North Rocks,2364.0,2781.0,--,--
North Ryde,2404.0,2935.0,--,--
North St Marys,1766.0,1935.0,--,--
North Strathfield,2379.0,2412.0,--,--
North Sydney,3052.0,3286.0,--,--
North Turramurra,2796.0,3269.0,--,--
North Wahroonga,2327.0,3297.0,--,--
North Willoughby,2658.0,3233.0,--,--
North Wollongong,2150.0,2312.0,--,--
Northbridge (NSW),3310.0,3659.0,--,--
Northmead,2372.0,2669.0,--,--
Northwood (NSW),3549.0,3562.0,--,--
Oak Flats,1821.0,2166.0,--,--
Oakhurst (NSW),2085.0,2159.0,--,--
Oatlands (NSW),2556.0,2811.0,--,--
Oatley,2412.0,3143.0,--,--
Old Guildford,1750.0,1866.0,--,--
Old Toongabbie,2240.0,2397.0,--,--
Ourimbah,1923.0,2333.0,--,--
Oxley Park,1797.0,1951.0,--,--
Oyster Bay,2728.0,3035.0,--,--
Paddington (NSW),3370.0,3698.0,--,--
Padstow,2170.0,2335.0,--,--
Padstow Heights,2194.0,2424.0,--,--
Pagewood,2206.0,2855.0,--,--
Palm Beach (NSW),2461.0,2531.0,--,--
Panania,2197.0,2456.0,--,--
Parramatta,1996.0,1961.0,--,--
Peakhurst,2168.0,2431.0,--,--
Peakhurst Heights,2205.0,2741.0,--,--
Pearl Beach,2166.0,2083.0,--,--
Pelican (NSW),1949.0,2194.0,--,--
Pendle Hill,2040.0,2232.0,--,--
Pennant Hills,2586.0,3026.0,--,--
Penrith,1944.0,2064.0,--,--
Penrose (Wollongong - NSW),1767.0,2037.0,--,--
Penshurst (NSW),2105.0,2365.0,--,--
Petersham,2483.0,3246.0,--,--
Phillip Bay,1957.0,2874.0,--,--
Picnic Point,2366.0,2726.0,--,--
Plumpton (NSW),1855.0,2192.0,--,--
Point Clare,2027.0,2287.0,--,--
Point Frederick,2078.0,2568.0,--,--
Point Piper,3305.0,3833.0,--,--
Port Kembla,1894.0,2118.0,--,--
Potts Point,3017.0,2968.0,--,--
Prairiewood,1767.0,2374.0,--,--
Prestons,2134.0,2270.0,--,--
Primbee,1774.0,2173.0,--,--
Prospect (NSW),2160.0,2291.0,--,--
Punchbowl (Canterbury - NSW),1561.0,1881.0,--,--
Putney,2583.0,3274.0,--,--
Pymble,2992.0,3547.0,--,--
Pyrmont,3201.0,3222.0,--,--
Quakers Hill,2185.0,2359.0,--,--
Queens Park (NSW),3096.0,3759.0,--,--
Raby,1981.0,2285.0,--,--
Ramsgate,2750.0,2687.0,--,--
Randwick,2710.0,3137.0,--,--
Rankin Park,2321.0,2553.0,--,--
Redfern,2803.0,3113.0,--,--
Redhead,2220.0,2744.0,--,--
Regents Park (NSW),1828.0,2129.0,--,--
Regentville,1860.0,2437.0,--,--
Revesby,2119.0,2286.0,--,--
Revesby Heights,2132.0,2491.0,--,--
Rhodes,2484.0,2802.0,--,--
Riverstone,2038.0,1986.0,--,--
Riverview (Lane Cove - NSW),2718.0,3622.0,--,--
Riverwood,1957.0,2029.0,--,--
Rockdale,1802.0,1960.0,--,--
Rocky Point (NSW),1958.0,2324.0,--,--
Rodd Point,2542.0,3104.0,--,--
Rooty Hill,1907.0,2194.0,--,--
Rose Bay (NSW),3075.0,3209.0,--,--
Rosebery (NSW),2280.0,2440.0,--,--
Roselands,1865.0,2173.0,--,--
Rosemeadow,1897.0,2145.0,--,--
Roseville,3056.0,3502.0,--,--
Roseville Chase,3028.0,3288.0,--,--
Rouse Hill,2396.0,2609.0,--,--
Rozelle,3374.0,3461.0,--,--
Ruse,2043.0,2150.0,--,--
Rushcutters Bay,3022.0,3349.0,--,--
Russell Lea,2785.0,3256.0,--,--
Russell Vale,2392.0,2304.0,--,--
Rydalmere,2170.0,2328.0,--,--
Ryde,2263.0,2631.0,--,--
Sadleir,1890.0,1887.0,--,--
San Remo (NSW),1724.0,1794.0,--,--
Sandringham (NSW),2666.0,2575.0,--,--
Sans Souci,2383.0,2462.0,--,--
Saratoga,2103.0,2242.0,--,--
Scarborough (NSW),3449.0,2750.0,--,--
Schofields,1913.0,2323.0,--,--
Scotland Island,2777.0,2555.0,--,--
Seaforth (NSW),3125.0,3371.0,--,--
Sefton,1894.0,2184.0,--,--
Seven Hills (NSW),2104.0,2268.0,--,--
Shalvey,1650.0,1904.0,--,--
Shell Cove,2233.0,2463.0,--,--
Shellharbour,1949.0,2362.0,--,--
Shelly Beach (NSW),2374.0,2154.0,--,--
Shortland,1877.0,1874.0,--,--
Silverwater (Lake Macquarie - NSW),774.0,1275.0,--,--
Smithfield (NSW),1778.0,1945.0,--,--
South Coogee,2852.0,3334.0,--,--
South Granville,1791.0,2068.0,--,--
South Hurstville,2103.0,2321.0,--,--
South Penrith,2076.0,2229.0,--,--
South Turramurra,2957.0,3234.0,--,--
South Wentworthville,2012.0,2297.0,--,--
Speers Point,2118.0,2400.0,--,--
Springfield (Gosford - NSW),1956.0,2104.0,--,--
Springwood (NSW),2255.0,2503.0,--,--
St Andrews (NSW),2010.0,2252.0,--,--
St Clair (Penrith - NSW),2046.0,2280.0,--,--
St Helens Park,1893.0,2120.0,--,--
St Huberts Island,2166.0,2422.0,--,--
St Ives (NSW),2903.0,3394.0,--,--
St Ives Chase,2750.0,3186.0,--,--
St Johns Park,1741.0,2127.0,--,--
St Leonards (NSW),3158.0,3227.0,--,--
St Marys (NSW),1800.0,2009.0,--,--
St Peters (NSW),2696.0,2636.0,--,--
Stanhope Gardens,2490.0,2761.0,--,--
Stanmore (NSW),2580.0,3140.0,--,--
Stockton (NSW),2150.0,2383.0,--,--
Strathfield (NSW),1975.0,3111.0,--,--
Strathfield South,2130.0,2489.0,--,--
Summer Hill (Ashfield - NSW),2403.0,2964.0,--,--
Surry Hills,2994.0,3005.0,--,--
Sutherland (NSW),2277.0,2412.0,--,--
Swansea (NSW),1812.0,2025.0,--,--
Swansea Heads,2250.0,2333.0,--,--
Sydenham (NSW),2481.0,1908.0,--,--
Sydney,2454.0,2299.0,--,--
Sylvania,2409.0,2608.0,--,--
Sylvania Waters,2387.0,2580.0,--,--
Tacoma,2083.0,2059.0,--,--
Tacoma South,2750.0,2583.0,--,--
Tamarama,3355.0,3077.0,--,--
Taren Point,2392.0,3028.0,--,--
Tarrawanna,2230.0,2225.0,--,--
Tascott,2103.0,2087.0,--,--
Tempe,2318.0,2555.0,--,--
Teralba,1957.0,2119.0,--,--
Terrey Hills,2305.0,2821.0,--,--
Terrigal,2191.0,2528.0,--,--
The Entrance,1733.0,1928.0,--,--
The Entrance North,1555.0,1954.0,--,--
The Hill,2287.0,3073.0,--,--
The Junction,2173.0,3024.0,--,--
Thirroul,2379.0,2740.0,--,--
Thornleigh,2632.0,2983.0,--,--
Tighes Hill,2024.0,2191.0,--,--
Tingira Heights,1911.0,2244.0,--,--
Toongabbie (NSW),2059.0,2308.0,--,--
Toowoon Bay,2024.0,2125.0,--,--
Toronto,1977.0,2166.0,--,--
Toukley,1830.0,1911.0,--,--
Towradgi,2100.0,2461.0,--,--
Tregear,1833.0,1852.0,--,--
Tuggerah,1650.0,1957.0,--,--
Tuggerawong,1536.0,2236.0,--,--
Tumbi Umbi,1956.0,2330.0,--,--
Turramurra,2965.0,3339.0,--,--
Turrella,1908.0,2388.0,--,--
Ultimo,2398.0,2714.0,--,--
Umina Beach,1986.0,2098.0,--,--
Unanderra,1855.0,1990.0,--,--
Valentine (NSW),2320.0,2766.0,--,--
Valley Heights,2109.0,2422.0,--,--
Vaucluse,3118.0,3291.0,--,--
Villawood,1535.0,1987.0,--,--
Voyager Point,2571.0,3007.0,--,--
Wahroonga,2905.0,3343.0,--,--
Waitara,2342.0,2476.0,--,--
Wakeley,1750.0,2086.0,--,--
Wallsend,1898.0,2137.0,--,--
Wamberal,2188.0,2447.0,--,--
Warabrook,2181.0,2346.0,--,--
Waratah (NSW),2058.0,2222.0,--,--
Waratah West,2141.0,1981.0,--,--
Wareemba,2528.0,3010.0,--,--
Warilla,1776.0,1977.0,--,--
Warners Bay,2127.0,2356.0,--,--
Warrawee,3097.0,3552.0,--,--
Warrawong,1715.0,1821.0,--,--
Warriewood,2325.0,2848.0,--,--
Warrimoo,2282.0,2443.0,--,--
Warwick Farm,1592.0,1730.0,--,--
Watanobbi,1912.0,1907.0,--,--
Waterloo (NSW),2743.0,2823.0,--,--
Watsons Bay,3083.0,3575.0,--,--
Wattle Grove (NSW),2225.0,2440.0,--,--
Waverley (NSW),2989.0,3180.0,--,--
Waverton,3192.0,3408.0,--,--
Wentworthville,1964.0,2354.0,--,--
Werrington,1877.0,1932.0,--,--
Werrington County,1896.0,2301.0,--,--
Werrington Downs,2122.0,2253.0,--,--
West Gosford,2111.0,2035.0,--,--
West Hoxton,2191.0,2292.0,--,--
West Pennant Hills,2699.0,3255.0,--,--
West Pymble,2881.0,3251.0,--,--
West Ryde,2232.0,2483.0,--,--
West Wallsend,1711.0,2166.0,--,--
West Wollongong,2056.0,2303.0,--,--
Westleigh,2781.0,3088.0,--,--
Westmead,2102.0,2313.0,--,--
Wetherill Park,1870.0,2240.0,--,--
Whalan,1538.0,1802.0,--,--
Whitebridge,2352.0,2588.0,--,--
Wickham (NSW),2200.0,2083.0,--,--
Wiley Park,1478.0,1815.0,--,--
Willmot,1654.0,1750.0,--,--
Willoughby (NSW),3020.0,3333.0,--,--
Willoughby East,3111.0,3823.0,--,--
Windale,1874.0,1666.0,--,--
Windang,2200.0,2155.0,--,--
Winmalee,2136.0,2575.0,--,--
Winston Hills,2359.0,2625.0,--,--
Wollongong,2163.0,2361.0,--,--
Wollstonecraft,3193.0,3352.0,--,--
Wombarra,2550.0,2823.0,--,--
Woodbine (NSW),2011.0,2371.0,--,--
Woodcroft (NSW),2239.0,2490.0,--,--
Woodpark,2055.0,2183.0,--,--
Woodrising,1949.0,1797.0,--,--
Woollahra,3225.0,3507.0,--,--
Woolloomooloo,3233.0,2750.0,--,--
Woolooware,2340.0,2804.0,--,--
Woolwich,3274.0,3562.0,--,--
Woonona,2274.0,2576.0,--,--
Woronora,2646.0,2741.0,--,--
Woronora Heights,2392.0,2888.0,--,--
Woy Woy,1816.0,1924.0,--,--
Woy Woy Bay,3285.0,2700.0,--,--
Wyoming,1946.0,2033.0,--,--
Wyong,1526.0,1966.0,--,--
Wyongah,1715.0,2007.0,--,--
Yagoona,1779.0,2048.0,--,--
Yarrawarrah,2383.0,2750.0,--,--
Yattalunga (NSW),1821.0,2125.0,--,--
Yennora,1791.0,1750.0,--,--
Yowie Bay,2692.0,3192.0,--,--
Zetland,2849.0,2926.0,--,--
